show,character,x_coord,y_coord,storedLocally,id
UA,SirReginaldHargreeves,-925.6756756756756,854.4303797468353,1,0
UA,Pogo,-736.4864864864865,-791.1392405063291,1,1
UA,Grace,-87.83783783783781,-689.873417721519,1,2
UA,LutherHargreeves,236.48648648648648,474.6835443037976,1,3
UA,DiegoHargreeves,-628.3783783783783,-94.9367088607595,1,4
UA,AllisonHargreeves,-385.1351351351351,613.9240506329113,1,5
UA,KlausHargreeves,412.1621621621621,-94.9367088607595,1,6
UA,BenHargreeves,-74.32432432432438,31.645569620253127,1,8
UA,VanyaHargreeves,777.0270270270269,-31.645569620253127,1,9
UA,TheHandler,858.1081081081081,829.1139240506329,1,10
LA,Momo,614.864864864865,-436.7088607594936,1,81
UA,SirReginaldHargreeves,382.2504155420463,286.3494349344287,1,0
UA,LutherHargreeves,-850.7131585606305,-453.1201438487227,1,3
UA,DiegoHargreeves,-258.0031502265748,-474.9610174836681,1,4
UA,AllisonHargreeves,-559.1125004642928,-874.3369687180066,1,5
UA,KlausHargreeves,740.411966991878,-565.4446368284418,1,6
UA,NumberFive,417.1157087274664,-715.2106036634043,1,7
UA,BenHargreeves,-13.94609792863514,-793.2137237882093,1,8
UA,VanyaHargreeves,-115.37240537712955,-749.5319765183185,1,9
UA,TheHandler,629.4769432200872,844.8518702466849,1,10
TO,MichaelScott,680.1900969443343,467.31667362397616,1,16
RM,BethSmith,137.313432835821,-812.6838235294117,1,11
RM,SummerSmith,214.9253731343283,-486.2132352941177,1,12
RM,RickSanchez,871.641791044776,234.375,1,13
RM,MortySmith,871.641791044776,-230.3308823529412,1,14
RM,JerrySmith,41.791044776119406,-818.5661764705883,1,15
TO,MichaelScott,880.5970149253733,-906.8014705882352,1,16
TO,JimHalpert,-480.59701492537306,-318.5661764705883,1,17
TO,PamBeesly,-725.3731343283582,-586.2132352941177,1,18
TO,DwightSchrute,-829.8507462686567,334.375,1,19
TO,StanleyHudson,-11.940298507462671,37.31617647058829,1,20
TO,PhyllisLapin-Vance,-14.925373134328424,-930.3308823529412,1,21
TO,AndyBernard,582.0895522388059,-606.8014705882354,1,22
TO,AngelaMartin,-823.8805970149253,799.0808823529412,1,23
TO,OscarMartinez,-797.0149253731344,-880.3308823529412,1,24
TO,DarrylPhilbin,-791.044776119403,-859.7426470588235,1,25
UA,SirReginaldHargreeves,-945.7627118644068,931.3541666666669,1,0
UA,Pogo,-145.7627118644068,-95.3125,1,1
UA,Grace,-152.54237288135596,-965.3125,1,2
UA,LutherHargreeves,-627.1186440677966,-468.64583333333337,1,3
UA,DiegoHargreeves,281.3559322033898,-278.64583333333337,1,4
UA,AllisonHargreeves,288.13559322033893,-711.9791666666667,1,5
UA,KlausHargreeves,277.9661016949153,164.6875,1,6
UA,NumberFive,-349.1525423728814,331.3541666666665,1,7
UA,BenHargreeves,125.42372881355936,288.0208333333335,1,8
UA,VanyaHargreeves,932.2033898305084,-175.3125,1,9
UA,TheHandler,955.9322033898306,928.0208333333331,1,10
TB,BillyButcher,908.4745762711866,524.6875,1,26
TB,HughieCampbell,-888.1355932203389,531.3541666666665,1,27
TB,Mother'sMilk,-308.4745762711865,-465.3125,1,28
TB,Frenchie,800.0,-371.9791666666666,1,29
TB,Kimiko,1027.1186440677966,-615.3125,1,30
TB,Homelander,579.6610169491526,924.6875,1,31
TB,QueenMaeve,-349.1525423728814,-175.3125,1,32
TB,BlackNoir,0.0,244.6875,1,33
TB,TheDeep,528.813559322034,621.3541666666667,1,34
TB,A-Train,-254.2372881355932,648.0208333333333,1,35
TB,Starlight,-23.72881355932202,-578.6458333333334,1,36
SL,FrankGallagher,800.0,701.3541666666667,1,37
SL,FionaGallagher,522.0338983050847,-208.6458333333333,1,38
SL,LipGallagher,223.72881355932213,14.6875,1,39
SL,IanGallagher,74.57627118644064,-211.9791666666668,1,40
SL,DebbieGallagher,457.6271186440677,141.35416666666674,1,41
SL,CarlGallagher,281.3559322033898,384.6875,1,42
SL,LiamGallagher,-542.3728813559321,-151.97916666666663,1,43
SL,VeronicaFisher,-766.1016949152543,-241.97916666666663,1,44
SL,KevinBall,464.406779661017,-468.64583333333337,1,45
TO,JimHalpert,-263.51351351351343,18.987341772152035,1,17
TO,PamBeesly,-209.45945945945948,-322.7848101265824,1,18
TO,DwightSchrute,-47.29729729729729,-82.27848101265818,1,19
TO,StanleyHudson,-668.918918918919,-310.126582278481,1,20
TO,PhyllisLapin-Vance,-655.4054054054054,6.329113924050716,1,21
TO,AndyBernard,506.7567567567569,-829.1139240506329,1,22
TO,AngelaMartin,209.45945945945937,-386.0759493670886,1,23
TO,OscarMartinez,209.45945945945937,525.3164556962024,1,24
TO,DarrylPhilbin,641.8918918918919,-436.7088607594936,1,25
RM,BethSmith,-701.4925373134329,-79.41176470588243,1,11
RM,SummerSmith,-414.9253731343283,141.17647058823513,1,12
RM,RickSanchez,937.3134328358208,-667.6470588235295,1,13
RM,MortySmith,-674.6268656716418,-523.5294117647059,1,14
RM,JerrySmith,-388.0597014925373,-302.9411764705883,1,15
TO,MichaelScott,881.0126582278481,-724.8046875,1,16
TO,JimHalpert,-15.189873417721516,-869.8046875,1,17
TO,PamBeesly,529.1139240506329,-814.8046875,1,18
TO,DwightSchrute,-511.3924050632912,337.6953125,1,19
TO,StanleyHudson,-12.658227848101204,15.1953125,1,20
TO,PhyllisLapin-Vance,270.88607594936707,20.19531250000012,1,21
TO,AndyBernard,303.7974683544305,375.1953125,1,22
TO,AngelaMartin,440.506329113924,270.1953125,1,23
TO,OscarMartinez,-779.746835443038,-727.3046875,1,24
TO,DarrylPhilbin,-283.5443037974683,-262.3046875,1,25
UA,SirReginaldHargreeves,-752.0451296872245,686.5438108484007,1,0
UA,Pogo,-574.3300595303685,-416.65509347292254,1,1
UA,Grace,-774.6121254559129,-772.7051417917138,1,2
UA,LutherHargreeves,-969.2524693412404,-600.2434105800156,1,3
UA,DiegoHargreeves,714.8096598422073,-589.1168459068585,1,4
UA,AllisonHargreeves,401.6925074654002,-750.4520124453994,1,5
UA,KlausHargreeves,841.749011041079,-461.1613521655511,1,6
UA,NumberFive,-15.796914255333265,22.84421111678546,1,7
UA,BenHargreeves,-32.72216108184944,-897.8789943647319,1,8
UA,VanyaHargreeves,522.9901958083569,-600.2434105800156,1,9
UA,TheHandler,960.2257388266926,943.5675227094924,1,10
RM,BethSmith,-292.2426124217649,225.9040164019036,1,11
RM,SummerSmith,-15.796914255333265,25.625852285074643,1,12
RM,RickSanchez,960.2257388266926,632.0237118610919,1,13
RM,MortySmith,-709.732012620934,-636.4047457677764,1,14
RM,JerrySmith,-955.1480969858102,-374.9304759485831,1,15
TO,MichaelScott,779.689772677186,-733.7621654356637,1,16
TO,JimHalpert,232.44003920023783,-310.95272907792935,1,17
TO,PamBeesly,-588.4344318857986,-750.4520124453994,1,18
TO,DwightSchrute,-870.5218574728381,178.61611654098556,1,19
TO,StanleyHudson,-689.9858913233318,292.6634044408468,1,20
TO,PhyllisLapin-Vance,-754.8660041583106,-283.1363173950365,1,21
TO,AndyBernard,-957.9689714568964,-119.01948846596838,1,22
TO,AngelaMartin,-941.04372463038,301.0083279457144,1,23
TO,OscarMartinez,-436.1072104471528,-327.64257608766513,1,24
TO,DarrylPhilbin,-139.91539098311875,-466.7246345021297,1,25
TB,BillyButcher,822.0028897434768,520.7580651295202,1,26
TB,HughieCampbell,-512.2708211664756,36.75241695823184,1,27
TB,Mother'sMilk,-475.59945304235714,391.6898470097356,1,28
TB,Frenchie,246.5444115556681,262.0653515896645,1,29
TB,Kimiko,957.4048643556066,-182.997235336622,1,30
TB,Homelander,317.06627333281904,938.004240372914,1,31
TB,QueenMaeve,153.45555400982903,451.2170359222878,1,32
TB,BlackNoir,-337.37660395914133,832.3018759779209,1,33
TB,TheDeep,116.78418588571073,804.4854642950279,1,34
TB,A-Train,429.9013382625176,515.1947827929414,1,35
TB,Starlight,-506.6290722243036,-864.4993003452603,1,36
SL,FrankGallagher,830.4655131567349,782.2323349487135,1,37
SL,FionaGallagher,585.0494341722497,94.05424200278162,1,38
SL,LipGallagher,-343.0183529013134,70.1321109777034,1,39
SL,IanGallagher,757.1227769084978,-171.8706706634648,1,40
SL,DebbieGallagher,105.50068800136636,186.96104004585368,1,41
SL,CarlGallagher,-486.88295092670126,196.9749652294854,1,42
SL,LiamGallagher,-548.9421892905941,-591.8984870751477,1,43
SL,VeronicaFisher,80.11281776159194,-661.43951628238,1,44
SL,KevinBall,147.81380506765686,-586.3352047385692,1,45
AD,GeorgeBluthSr.,-247.1086208843882,606.9889413464882,1,46
AD,LucilleBluth,77.29194329050597,609.7705825147775,1,47
AD,G.O.B.Bluth,709.1679109000352,256.5020692530859,1,48
AD,MichaelBluth,-938.222850159294,-269.2281115535901,1,49
AD,LindsayBluthFunke,836.1072620989069,328.8247396286074,1,50
AD,TobiasFunke,-122.99014415660258,-52.26010042702535,1,51
AD,BusterBluth,-766.1495020426547,-77.29487094162903,1,52
AD,GeorgeMichaelBluth,-709.732012620934,-433.3449404826582,1,53
AD,MaebyFunke,838.9281365699931,159.1446283629607,1,54
BB,WalterWhite,-520.7334445797338,935.2225992046248,1,55
BB,JessePinkman,410.1551308786584,103.51180499717476,1,56
BB,SkylerWhite,1.128332571183023,-241.4116998706972,1,57
BB,WalterWhiteJr.,-946.6854735725522,-875.6258650184175,1,58
BB,HankSchrader,-687.1650168522457,-883.9707885232854,1,59
BB,MarieSchrader,130.8885582411408,-819.9930416526317,1,60
BB,MikeEhrmantraut,-196.3328804048396,89.60359915572849,1,61
BB,SaulGoodman,717.6305343132933,-85.63979444649681,1,62
BB,GustavoFring,-929.7602213656448,938.004240372914,1,63
C,JeffWinger,-7.33429084207512,326.0430984603181,1,64
C,BrittaPerry,322.7080222749912,-502.8859696898905,1,65
C,AnnieEdison,-867.7009830017521,-655.8762339458015,1,68
C,ShirleyBennett,-278.13824006633456,-806.0848358111853,1,69
LA,Aang,-839.4922382908917,-959.0751053726556,1,73
LA,Katara,-190.6911314626675,-945.1668995312092,1,74
LA,Sokka,178.84342424960323,-939.6036171946308,1,75
LA,Toph,396.0507585232283,-893.4283727399165,1,76
LA,Zuko,1.128332571183023,-486.1961226801548,1,77
LA,Iroh,-862.0592340595799,-502.8859696898905,1,78
LA,Azula,568.1241873457334,782.2323349487135,1,79
LA,Appa,-4.513416370989148,-119.01948846596838,1,80
LA,Momo,401.6925074654002,-127.36441197083629,1,81
RM,BethSmith,-407.18562874251495,-313.5593220338984,1,11
RM,SummerSmith,778.443113772455,782.4858757062148,1,12
RM,RickSanchez,-790.4191616766467,771.186440677966,1,13
RM,MortySmith,754.4910179640717,-19.77401129943496,1,14
RM,JerrySmith,790.4191616766468,-720.3389830508474,1,15
TO,MichaelScott,844.7761194029849,-718.5661764705883,1,16
TO,JimHalpert,2.985074626865639,-280.3308823529411,1,17
TO,PamBeesly,-597.0149253731342,-853.8602941176471,1,18
TO,DwightSchrute,844.7761194029849,-624.4485294117646,1,19
TO,StanleyHudson,-11.940298507462671,43.19852941176464,1,20
TO,AndyBernard,349.2537313432836,-465.625,1,22
TO,OscarMartinez,-17.91044776119395,-936.2132352941176,1,24
TO,DarrylPhilbin,-483.5820895522388,-836.2132352941177,1,25
UA,SirReginaldHargreeves,71.8562874251495,985.8757062146892,1,0
UA,Pogo,-706.5868263473054,-31.07344632768365,1,1
UA,Grace,-1017.9640718562874,-31.07344632768365,1,2
UA,LutherHargreeves,-431.13772455089816,-76.27118644067798,1,3
UA,DiegoHargreeves,455.0898203592815,-31.07344632768365,1,4
UA,AllisonHargreeves,-514.9700598802395,-471.75141242937855,1,5
UA,KlausHargreeves,982.0359281437125,-53.67231638418082,1,6
UA,NumberFive,-47.904191616766525,-245.7627118644068,1,7
UA,BenHargreeves,-814.3712574850299,-460.45197740113,1,8
UA,VanyaHargreeves,574.8502994011976,-596.045197740113,1,9
UA,TheHandler,11.97604790419166,1112.9943502824858,1,10
UA,SirReginaldHargreeves,71.8562874251495,985.8757062146892,1,0
UA,Pogo,-658.6826347305389,262.7118644067796,1,1
UA,Grace,-1017.9640718562874,-31.07344632768365,1,2
UA,LutherHargreeves,-431.13772455089816,-76.27118644067798,1,3
UA,DiegoHargreeves,455.0898203592815,-31.07344632768365,1,4
UA,AllisonHargreeves,-514.9700598802395,-471.75141242937855,1,5
UA,KlausHargreeves,982.0359281437125,-53.67231638418082,1,6
UA,NumberFive,-814.3712574850299,206.21468926553663,1,7
UA,BenHargreeves,-814.3712574850299,-460.45197740113,1,8
UA,VanyaHargreeves,574.8502994011976,-596.045197740113,1,9
UA,TheHandler,11.97604790419166,1112.9943502824858,1,10
TB,BillyButcher,922.1556886227544,-528.2485875706216,1,26
TB,HughieCampbell,-934.131736526946,-516.9491525423729,1,27
TB,Mother'sMilk,407.1856287425151,-596.045197740113,1,28
TB,Frenchie,502.9940119760479,-494.35028248587577,1,29
TB,Kimiko,946.1077844311376,-675.1412429378531,1,30
TB,Homelander,850.2994011976048,963.276836158192,1,31
TB,QueenMaeve,718.5628742514969,-686.4406779661017,1,32
TB,BlackNoir,-718.5628742514971,816.3841807909605,1,33
TB,TheDeep,359.2814371257484,-177.9661016949152,1,34
TB,A-Train,514.9700598802397,511.2994350282486,1,35
TB,Starlight,-646.7065868263473,-607.3446327683616,1,36
AD,GeorgeBluthSr.,299.40119760479024,319.2090395480225,1,46
AD,LucilleBluth,946.1077844311376,251.4124293785312,1,47
AD,G.O.B.Bluth,-47.904191616766525,274.0112994350284,1,48
AD,MichaelBluth,-874.2514970059881,-290.96045197740114,1,49
AD,LindsayBluthFunke,886.2275449101796,-550.8474576271186,1,50
AD,BusterBluth,742.5149700598804,36.723163841807946,1,52
AD,GeorgeMichaelBluth,-311.377245508982,-42.37288135593224,1,53
AD,MaebyFunke,-622.754491017964,330.5084745762713,1,54
UA,SirReginaldHargreeves,-997.131383767842,979.906937394247,1,0
UA,Pogo,-239.816425999758,-542.9357021996616,1,1
UA,Grace,-976.4773357345396,-512.4788494077834,1,2
UA,LutherHargreeves,-164.08492858151362,-817.0473773265652,1,3
UA,DiegoHargreeves,548.4796678342836,-861.0406091370559,1,4
UA,AllisonHargreeves,-384.39473925277,-810.2791878172588,1,5
UA,KlausHargreeves,989.0991841248924,-634.3062605752962,1,6
UA,NumberFive,-274.2398339171418,-201.14213197969548,1,7
UA,BenHargreeves,-676.9936802875565,-853.1443923459642,1,8
UA,VanyaHargreeves,724.039048212941,-643.330504648173,1,9
UA,TheHandler,224.89963341087585,943.809857828363,1,10
TB,BillyButcher,476.1905112077775,-623.0259361202543,1,26
TB,HughieCampbell,-625.3585684114807,-568.8804458643983,1,27
TB,Mother'sMilk,207.68792945218388,-889.2413944560662,1,28
TB,Frenchie,820.4244853297118,-347.7862208022684,1,29
TB,Kimiko,930.5793906653398,-929.8505379665525,1,30
TB,Homelander,971.8874801662004,965.242595640334,1,31
TB,QueenMaeve,204.2455886604453,-547.447811326803,1,32
TB,BlackNoir,-205.39301808237408,352.72134177374164,1,33
TB,TheDeep,-12.621881219072748,165.46816753251915,1,34
TB,A-Train,193.9185662852304,162.0840727778659,1,35
TB,Starlight,-893.8611632985626,-903.9058136657612,1,36
AD,GeorgeBluthSr.,94.09068332481728,410.2509526028448,1,46
AD,LucilleBluth,-594.3775012858353,515.1578899970918,1,47
AD,G.O.B.Bluth,489.95987437473104,105.68242468406312,1,48
AD,MichaelBluth,-508.3190077553518,-328.6097182840259,1,49
AD,LindsayBluthFunke,-615.0315460362656,-122.17988661299704,1,50
AD,TobiasFunke,1037.2919552092296,-115.4116971036908,1,51
AD,BusterBluth,1040.7342960009682,-494.4303612620295,1,52
AD,GeorgeMichaelBluth,-769.9368816644928,-321.8415287747197,1,53
AD,MaebyFunke,200.80324786870688,-156.02083415952836,1,54
C,JeffWinger,390.4090095810559,229.2767393406641,1,64
C,BrittaPerry,192.9477966050336,-174.06123006128303,1,65
C,AbedNadir,520.169321337271,-352.0862223873217,1,66
C,TroyBarnes,548.3780660481311,-530.1112571578365,1,67
C,AnnieEdison,-771.7912509848268,-877.8164138051167,1,68
C,ShirleyBennett,-532.0169424640779,-719.2628566015082,1,69
C,PierceHawthorne,-241.46687194221613,810.639743513126,1,70
C,CraigPelton,-785.895623340257,271.00135686500334,1,71
C,BenChang,779.689772677186,446.24475046722887,1,72
RM,BethSmith,-701.4925373134329,-79.41176470588243,1,11
RM,SummerSmith,-414.9253731343283,141.17647058823513,1,12
RM,RickSanchez,937.3134328358208,-667.6470588235295,1,13
RM,MortySmith,-674.6268656716418,-523.5294117647059,1,14
RM,JerrySmith,-388.0597014925373,-302.9411764705883,1,15
RM,BethSmith,-489.0109890109891,435.8288770053475,1,11
RM,SummerSmith,-109.8901098901099,-355.6149732620321,1,12
RM,RickSanchez,840.6593406593406,-467.91443850267376,1,13
RM,MortySmith,258.24175824175813,-248.66310160427804,1,14
RM,JerrySmith,71.42857142857133,-521.3903743315508,1,15
TO,MichaelScott,634.9924585218703,-275.12072808320954,1,16
TO,JimHalpert,634.9924585218703,-741.6883358098069,1,17
TO,PamBeesly,-330.316742081448,-792.2083952451709,1,18
TO,DwightSchrute,-737.5565610859728,182.5315750371469,1,19
TO,StanleyHudson,-520.3619909502263,-138.41939078751852,1,20
TO,PhyllisLapin-Vance,-297.1342383107089,-272.14895988112926,1,21
TO,AndyBernard,155.35444947209635,-141.3911589895988,1,22
TO,AngelaMartin,-185.52036199095028,69.60438335809818,1,23
TO,OscarMartinez,194.5701357466064,102.29383358098062,1,24
TO,DarrylPhilbin,73.9064856711916,-515.8339524517087,1,25
TO,MichaelScott,820.8955223880596,-579.7794117647059,1,16
TO,JimHalpert,358.2089552238806,-682.7205882352941,1,17
TO,PamBeesly,-829.8507462686567,-850.3676470588235,1,18
TO,DwightSchrute,952.2388059701492,217.27941176470583,1,19
TO,StanleyHudson,-26.865671641791096,26.10294117647049,1,20
TO,PhyllisLapin-Vance,429.8507462686566,-18.01470588235304,1,21
TO,AndyBernard,856.716417910448,23.16176470588244,1,22
TO,AngelaMartin,-850.7462686567164,411.3970588235295,1,23
TO,OscarMartinez,-901.4925373134328,14.33823529411768,1,24
TO,DarrylPhilbin,-447.7611940298507,-468.0147058823529,1,25
TO,MichaelScott,760.0,-670.1492537313433,1,16
TO,JimHalpert,-249.23076923076928,-491.044776119403,1,17
TO,PamBeesly,-476.9230769230769,-652.2388059701493,1,18
TO,DwightSchrute,-286.1538461538462,285.0746268656717,1,19
TO,StanleyHudson,-21.538461538461547,279.1044776119402,1,20
TO,PhyllisLapin-Vance,-187.6923076923077,28.35820895522397,1,21
TO,AndyBernard,618.4615384615383,100.0,1,22
TO,AngelaMartin,-292.30769230769226,488.05970149253744,1,23
TO,OscarMartinez,-9.230769230769283,-479.1044776119403,1,24
TO,DarrylPhilbin,-384.6153846153845,-443.28358208955217,1,25
TO,MichaelScott,753.8461538461538,-586.5671641791046,1,16
TO,JimHalpert,-249.23076923076928,-491.044776119403,1,17
TO,PamBeesly,-538.4615384615385,-634.3283582089553,1,18
TO,DwightSchrute,-286.1538461538462,285.0746268656717,1,19
TO,StanleyHudson,-21.538461538461547,279.1044776119402,1,20
TO,PhyllisLapin-Vance,-187.6923076923077,28.35820895522397,1,21
TO,AndyBernard,618.4615384615383,100.0,1,22
TO,AngelaMartin,-292.30769230769226,488.05970149253744,1,23
TO,OscarMartinez,-9.230769230769283,-479.1044776119403,1,24
TO,DarrylPhilbin,-384.6153846153845,-443.28358208955217,1,25
SL,FrankGallagher,809.2307692307693,637.313432835821,1,37
SL,FionaGallagher,464.6153846153848,279.1044776119402,1,38
SL,LipGallagher,138.46153846153834,-156.71641791044772,1,39
SL,IanGallagher,21.538461538461547,-419.4029850746268,1,40
SL,DebbieGallagher,206.1538461538462,183.5820895522388,1,41
SL,CarlGallagher,33.84615384615381,-37.31343283582089,1,42
SL,LiamGallagher,-101.53846153846156,-270.14925373134326,1,43
SL,VeronicaFisher,-40.0,-377.6119402985074,1,44
SL,KevinBall,193.8461538461538,-365.6716417910448,1,45
BB,WalterWhite,-21.538461538461547,255.22388059701484,1,55
BB,JessePinkman,236.9230769230769,273.13432835820913,1,56
BB,SkylerWhite,-249.23076923076928,177.61194029850753,1,57
BB,WalterWhiteJr.,3.07692307692298,82.08955223880594,1,58
BB,HankSchrader,-913.8461538461538,-431.3432835820895,1,59
BB,MarieSchrader,-790.7692307692307,-91.04477611940295,1,60
BB,MikeEhrmantraut,9.23076923076917,64.17910447761187,1,61
BB,SaulGoodman,390.7692307692307,-180.5970149253732,1,62
BB,GustavoFring,-569.2307692307693,697.0149253731345,1,63
TO,MichaelScott,635.9600443951165,-550.6311745334797,1,16
TO,JimHalpert,-16.64816870144284,-355.2414928649836,1,17
TO,PamBeesly,-234.18423973362928,-671.377607025247,1,18
TO,DwightSchrute,-802.4417314095449,733.6717892425906,1,19
TO,StanleyHudson,-445.0610432852386,388.9956092206367,1,20
TO,PhyllisLapin-Vance,-480.5771365149833,-243.27661909989013,1,21
TO,AndyBernard,504.994450610433,399.9725576289793,1,22
TO,AngelaMartin,-569.3673695893451,821.4873765093305,1,23
TO,OscarMartinez,-720.3107658157603,-704.3084522502745,1,24
TO,DarrylPhilbin,1.1098779134295,37.73326015367729,1,25
TO,MichaelScott,962.0689655172414,-327.1186440677966,1,16
TO,JimHalpert,472.41379310344814,42.37288135593235,1,17
TO,PamBeesly,3.44827586206884,-777.9661016949153,1,18
TO,DwightSchrute,-603.448275862069,-72.8813559322034,1,19
TO,StanleyHudson,-186.20689655172416,-211.86440677966087,1,20
TO,PhyllisLapin-Vance,-603.448275862069,-327.1186440677966,1,21
TO,AndyBernard,741.3793103448277,-144.06779661016947,1,22
TO,AngelaMartin,-586.2068965517242,266.10169491525426,1,23
TO,OscarMartinez,-13.793103448275929,35.593220338982974,1,24
TO,DarrylPhilbin,-10.34482758620686,283.05084745762724,1,25
TO,MichaelScott,885.828960372741,-719.4021518662092,1,16
TO,JimHalpert,235.2266557860908,-881.8386871802626,1,17
TO,PamBeesly,-890.4188225068242,-895.3750661988751,1,18
TO,DwightSchrute,-12.621881219072748,8.178194565619606,1,19
TO,StanleyHudson,-5.737199635595971,-235.4765761322176,1,20
TO,PhyllisLapin-Vance,-291.45153787583365,-299.7743764706271,1,21
TO,AndyBernard,503.7292375416846,-418.2176928834866,1,22
TO,AngelaMartin,-160.64258778977512,272.13758542856385,1,23
TO,OscarMartinez,-886.9764817150858,-895.3750661988751,1,24
TO,DarrylPhilbin,-36.71826676124135,-881.8386871802626,1,25
AD,GeorgeBluthSr.,792.8857589958047,542.8651658008143,1,46
AD,LucilleBluth,359.1509242886725,539.4810710461613,1,47
AD,G.O.B.Bluth,596.6724389186209,373.66042806815767,1,48
AD,MichaelBluth,-460.1262366710144,-465.5950194486304,1,49
AD,LindsayBluthFunke,159.49515836784644,167.2306480343168,1,50
AD,TobiasFunke,-9.17954042733436,-370.8403663183428,1,51
AD,BusterBluth,-301.77856025104893,-655.1043515277998,1,52
AD,GeorgeMichaelBluth,-625.3585684114807,-902.1432557081812,1,53
AD,MaebyFunke,441.7671032903938,-150.87425890307736,1,54
TO,MichaelScott,823.8805970149253,-776.8382352941176,1,16
TO,JimHalpert,200.0,173.1617647058822,1,17
TO,PamBeesly,-429.8507462686568,-603.3088235294117,1,18
TO,DwightSchrute,-862.6865671641791,608.4558823529412,1,19
TO,StanleyHudson,-295.5223880597016,173.1617647058822,1,20
TO,PhyllisLapin-Vance,-301.4925373134329,-173.8970588235295,1,21
TO,AndyBernard,217.91044776119384,-200.3676470588236,1,22
TO,AngelaMartin,-868.6567164179105,781.9852941176471,1,23
TO,OscarMartinez,-11.940298507462671,-897.4264705882354,1,24
TO,DarrylPhilbin,-14.925373134328424,-894.4852941176471,1,25
RM,BethSmith,-655.9714795008913,-769.5380910683012,1,11
RM,SummerSmith,-402.8520499108735,-622.427758318739,1,12
RM,RickSanchez,795.0089126559715,8.045096322241648,1,13
RM,MortySmith,342.24598930481284,-615.4225043782837,1,14
RM,JerrySmith,-7.130124777183596,-426.2806479859895,1,15
C,JeffWinger,245.98930481283423,-237.1387915936953,1,64
C,BrittaPerry,499.108734402852,-167.08625218914187,1,65
C,AbedNadir,-21.390374331550788,25.55823117337991,1,66
C,TroyBarnes,370.7664884135472,-443.7937828371279,1,67
C,AnnieEdison,-848.4848484848485,-629.4330122591944,1,68
C,ShirleyBennett,-777.1836007130125,-762.5328371278458,1,69
C,PierceHawthorne,852.0499108734402,214.70008756567427,1,70
C,CraigPelton,-17.825311942959047,340.79465849387043,1,71
C,BenChang,570.4099821746879,218.20271453590203,1,72
RM,BethSmith,-43.95604395604392,-451.8716577540107,1,11
RM,SummerSmith,-736.2637362637363,114.9732620320856,1,12
RM,RickSanchez,824.1758241758241,425.13368983957207,1,13
RM,MortySmith,258.24175824175813,-911.7647058823528,1,14
RM,JerrySmith,-873.6263736263736,-901.0695187165776,1,15
RM,SummerSmith,-263.7362637362637,-628.3422459893048,1,12
RM,RickSanchez,587.9120879120878,649.7326203208556,1,13
RM,MortySmith,-384.6153846153845,-168.4491978609626,1,14
TO,MichaelScott,721.5999999999999,173.86811023622045,1,16
TO,JimHalpert,744.0,406.9389763779527,1,17
TO,PamBeesly,-8.0,-723.7696850393701,1,18
TO,DwightSchrute,353.5999999999999,-229.2814960629921,1,19
TO,StanleyHudson,1.600000000000022,-11.958661417322787,1,20
TO,PhyllisLapin-Vance,-30.399999999999977,-308.02165354330714,1,21
TO,AndyBernard,353.5999999999999,-515.8956692913385,1,22
TO,AngelaMartin,-712.0,25.836614173228327,1,23
TO,OscarMartinez,-436.8,-317.47047244094483,1,24
TO,DarrylPhilbin,-24.0,-934.7933070866142,1,25
TO,MichaelScott,721.5999999999999,173.86811023622045,1,16
TO,JimHalpert,744.0,406.9389763779527,1,17
TO,PamBeesly,-8.0,-723.7696850393701,1,18
TO,DwightSchrute,353.5999999999999,-229.2814960629921,1,19
TO,StanleyHudson,1.600000000000022,-11.958661417322787,1,20
TO,PhyllisLapin-Vance,-30.399999999999977,-308.02165354330714,1,21
TO,AndyBernard,353.5999999999999,-515.8956692913385,1,22
TO,AngelaMartin,-712.0,25.836614173228327,1,23
TO,OscarMartinez,-436.8,-317.47047244094483,1,24
TO,DarrylPhilbin,-24.0,-934.7933070866142,1,25
C,JeffWinger,206.39999999999984,187.4015748031497,1,64
C,BrittaPerry,756.8,-307.0866141732283,1,65
C,AbedNadir,14.399999999999975,-29.921259842519703,1,66
C,TroyBarnes,286.4000000000001,-807.8740157480315,1,67
C,AnnieEdison,-753.6,-530.7086614173228,1,68
C,ShirleyBennett,-753.6,-867.7165354330709,1,69
C,PierceHawthorne,-1.600000000000022,732.2834645669291,1,70
C,CraigPelton,641.5999999999999,-549.6062992125984,1,71
C,BenChang,750.3999999999999,1.574803149606396,1,72
RM,BethSmith,349.2537313432836,-173.52941176470597,1,11
RM,SummerSmith,513.4328358208954,826.4705882352941,1,12
RM,RickSanchez,764.1791044776119,402.94117647058806,1,13
RM,MortySmith,-23.880597014925343,-932.3529411764706,1,14
RM,JerrySmith,-814.9253731343283,-211.76470588235293,1,15
UA,SirReginaldHargreeves,-778.516057585825,528.0325848849945,1,0
UA,Pogo,-922.4806201550388,-935.275191675794,1,1
UA,Grace,-9.96677740863788,-911.1788061336254,1,2
UA,LutherHargreeves,884.828349944629,-133.52272727272725,1,3
UA,DiegoHargreeves,785.1605758582502,-179.52491785323116,1,4
UA,AllisonHargreeves,-884.828349944629,-600.1163745892661,1,5
UA,KlausHargreeves,1015.5038759689924,-681.1678532311062,1,6
UA,NumberFive,1028.7929125138428,35.15197152245355,1,7
UA,BenHargreeves,-960.1328903654484,-838.8896495071194,1,8
UA,VanyaHargreeves,-610.188261351052,8.865005476451188,1,9
UA,TheHandler,-898.1173864894795,871.9537239868564,1,10
UA,SirReginaldHargreeves,-778.516057585825,528.0325848849945,1,0
UA,Pogo,-922.4806201550388,-935.275191675794,1,1
UA,Grace,-9.96677740863788,-911.1788061336254,1,2
UA,LutherHargreeves,884.828349944629,-133.52272727272725,1,3
UA,DiegoHargreeves,785.1605758582502,-179.52491785323116,1,4
UA,AllisonHargreeves,-884.828349944629,-600.1163745892661,1,5
UA,KlausHargreeves,1015.5038759689924,-681.1678532311062,1,6
UA,NumberFive,1028.7929125138428,35.15197152245355,1,7
UA,BenHargreeves,-960.1328903654484,-838.8896495071194,1,8
UA,VanyaHargreeves,-610.188261351052,8.865005476451188,1,9
UA,TheHandler,-898.1173864894795,871.9537239868564,1,10
TO,MichaelScott,681.063122923588,-516.8743154435925,1,16
TO,JimHalpert,-16.611295681063098,-337.2467141292442,1,17
TO,PamBeesly,-707.641196013289,-530.0177984665936,1,18
TO,DwightSchrute,583.6101882613511,-194.85898138006576,1,19
TO,StanleyHudson,-18.826135105204912,-205.8118838992333,1,20
TO,PhyllisLapin-Vance,-366.5559246954596,-306.5785870755751,1,21
TO,AndyBernard,140.6423034330012,-10.850219058050357,1,22
TO,AngelaMartin,417.49723145072,-54.66182913472073,1,23
UA,SirReginaldHargreeves,-778.516057585825,528.0325848849945,1,0
UA,Pogo,-922.4806201550388,-935.275191675794,1,1
UA,Grace,-9.96677740863788,-911.1788061336254,1,2
UA,LutherHargreeves,884.828349944629,-133.52272727272725,1,3
UA,DiegoHargreeves,785.1605758582502,-179.52491785323116,1,4
UA,AllisonHargreeves,-884.828349944629,-600.1163745892661,1,5
UA,KlausHargreeves,1015.5038759689924,-681.1678532311062,1,6
UA,NumberFive,1028.7929125138428,35.15197152245355,1,7
UA,BenHargreeves,-960.1328903654484,-838.8896495071194,1,8
UA,VanyaHargreeves,-610.188261351052,8.865005476451188,1,9
UA,TheHandler,-898.1173864894795,871.9537239868564,1,10
TO,MichaelScott,681.063122923588,-516.8743154435925,1,16
TO,JimHalpert,-16.611295681063098,-337.2467141292442,1,17
TO,PamBeesly,-707.641196013289,-530.0177984665936,1,18
TO,DwightSchrute,583.6101882613511,-194.85898138006576,1,19
TO,StanleyHudson,-18.826135105204912,-205.8118838992333,1,20
TO,PhyllisLapin-Vance,-366.5559246954596,-306.5785870755751,1,21
TO,AndyBernard,140.6423034330012,-10.850219058050357,1,22
TO,AngelaMartin,417.49723145072,-54.66182913472073,1,23
BB,WalterWhite,-787.375415282392,2.293263964950711,1,55
BB,JessePinkman,831.6722037652271,15.436746987951665,1,56
BB,SkylerWhite,619.047619047619,-306.5785870755751,1,57
BB,WalterWhiteJr.,-594.6843853820599,-438.013417305586,1,58
BB,HankSchrader,703.2115171650055,-705.2642387732749,1,59
BB,MarieSchrader,353.26688815060925,-722.7888828039431,1,60
BB,MikeEhrmantraut,-625.6921373200444,400.9789156626507,1,61
BB,SaulGoodman,623.4772978959024,238.8759583789704,1,62
BB,GustavoFring,-813.953488372093,696.7072836801754,1,63
RM,BethSmith,851.6483516483518,-826.2032085561498,1,11
RM,SummerSmith,-500.0,-355.6149732620321,1,12
RM,RickSanchez,-648.3516483516484,-687.1657754010696,1,13
RM,MortySmith,769.230769230769,-649.7326203208556,1,14
RM,JerrySmith,21.978021978021843,72.19251336898401,1,15
TO,MichaelScott,686.1538461538462,-646.2686567164179,1,16
TO,JimHalpert,-218.46153846153845,-658.2089552238806,1,17
TO,PamBeesly,-464.61538461538464,-628.3582089552239,1,18
TO,DwightSchrute,-132.30769230769238,-186.56716417910445,1,19
TO,StanleyHudson,-76.9230769230769,-502.9850746268656,1,20
TO,PhyllisLapin-Vance,-286.1538461538462,-449.2537313432836,1,21
TO,AndyBernard,458.46153846153857,-831.3432835820895,1,22
TO,AngelaMartin,-298.46153846153845,-43.28358208955217,1,23
TO,OscarMartinez,175.38461538461547,-520.8955223880597,1,24
TO,DarrylPhilbin,-372.3076923076924,-192.53731343283584,1,25
TO,MichaelScott,906.4587973273942,-748.5200991189428,1,16
TO,JimHalpert,-857.4610244988864,-907.1104074889868,1,17
TO,PamBeesly,-276.1692650334076,-867.4628303964757,1,18
TO,DwightSchrute,-331.8485523385301,-526.0531387665199,1,19
TO,StanleyHudson,-193.7639198218264,20.20236784140957,1,20
TO,PhyllisLapin-Vance,-142.53897550111355,-424.73155286343615,1,21
TO,AndyBernard,899.7772828507796,-307.9914647577092,1,22
TO,AngelaMartin,-697.1046770601336,775.708975770925,1,23
TO,DarrylPhilbin,213.80846325167045,-288.1676762114538,1,25
AD,GeorgeBluthSr.,-699.3243243243244,772.4252491694351,1,46
AD,LucilleBluth,13.513513513513544,775.7475083056477,1,47
AD,G.O.B.Bluth,827.7027027027027,845.5149501661131,1,48
AD,MichaelBluth,-746.6216216216217,31.56146179401981,1,49
AD,LindsayBluthFunke,733.1081081081081,28.23920265780725,1,50
AD,TobiasFunke,756.7567567567569,-805.6478405315614,1,51
AD,BusterBluth,-30.405405405405418,-4.983388704318941,1,52
AD,GeorgeMichaelBluth,-763.5135135135135,-835.5481727574751,1,53
AD,MaebyFunke,-10.1351351351351,-845.514950166113,1,54
LA,Aang,-651.4983351831298,-902.5795828759605,1,73
LA,Katara,-951.165371809101,-742.3161361141603,1,74
LA,Sokka,-7.769145394006614,-781.8331503841932,1,75
LA,Toph,893.451720310766,-726.9484083424809,1,76
LA,Zuko,-396.2264150943397,-250.5488474204172,1,77
LA,Iroh,778.0244173140954,-272.5027442371021,1,78
LA,Azula,-14.428412874583728,910.8122941822172,1,79
LA,Appa,-7.769145394006614,-577.6619099890231,1,80
LA,Momo,-5.549389567147614,4.116355653128494,1,81
AD,GeorgeBluthSr.,-3.311258278145715,575.8369812278247,1,46
AD,LucilleBluth,371.9646799116997,615.1382912714928,1,47
AD,G.O.B.Bluth,758.2781456953642,409.898116599004,1,48
AD,MichaelBluth,-177.70419426048568,-515.8660755407342,1,49
AD,LindsayBluthFunke,-709.7130242825607,416.4483349396151,1,50
AD,TobiasFunke,619.205298013245,23.43523450293401,1,51
AD,BusterBluth,371.9646799116997,-288.7918397328739,1,52
AD,GeorgeMichaelBluth,-678.8079470198676,-718.9228440996861,1,53
AD,MaebyFunke,711.9205298013244,-742.9403113485944,1,54
AD,GeorgeBluthSr.,-788.0597014925373,722.65625,1,46
AD,LucilleBluth,564.1791044776119,378.5386029411764,1,47
AD,G.O.B.Bluth,549.2537313432836,728.5386029411764,1,48
AD,MichaelBluth,-561.1940298507463,-662.6378676470588,1,49
AD,LindsayBluthFunke,343.2835820895523,234.42095588235293,1,50
AD,TobiasFunke,814.9253731343285,-224.4025735294117,1,51
AD,BusterBluth,943.2835820895524,-556.7555147058824,1,52
AD,GeorgeMichaelBluth,-131.3432835820896,-668.5202205882354,1,53
AD,MaebyFunke,-259.70149253731347,381.47977941176487,1,54
AD,GeorgeBluthSr.,-219.7802197802198,523.5628342245991,1,46
AD,LucilleBluth,-752.7472527472528,550.3008021390374,1,47
AD,G.O.B.Bluth,489.0109890109891,603.7767379679144,1,48
AD,MichaelBluth,-71.42857142857144,-380.1804812834224,1,49
AD,LindsayBluthFunke,5.494505494505461,-118.14839572192513,1,50
AD,TobiasFunke,346.1538461538462,149.2312834224599,1,51
AD,BusterBluth,-423.0769230769231,245.4879679144385,1,52
AD,GeorgeMichaelBluth,-857.1428571428571,-497.8275401069519,1,53
AD,MaebyFunke,-950.5494505494504,218.75,1,54
TO,MichaelScott,505.4945054945056,-53.97727272727275,1,16
TO,JimHalpert,5.494505494505461,-604.7794117647059,1,17
TO,PamBeesly,-16.483516483516496,-781.25,1,18
TO,DwightSchrute,-917.5824175824176,753.50935828877,1,19
TO,AndyBernard,-747.2527472527472,-48.62967914438502,1,22
TO,AngelaMartin,-939.5604395604396,919.2847593582889,1,23
TO,OscarMartinez,-65.93406593406587,-492.4799465240641,1,24
AD,GeorgeBluthSr.,-219.7802197802198,523.5628342245991,1,46
AD,LucilleBluth,-752.7472527472528,550.3008021390374,1,47
AD,G.O.B.Bluth,489.0109890109891,603.7767379679144,1,48
AD,MichaelBluth,-71.42857142857144,-380.1804812834224,1,49
AD,LindsayBluthFunke,5.494505494505461,-118.14839572192513,1,50
AD,TobiasFunke,346.1538461538462,149.2312834224599,1,51
AD,BusterBluth,-423.0769230769231,245.4879679144385,1,52
AD,GeorgeMichaelBluth,-857.1428571428571,-497.8275401069519,1,53
AD,MaebyFunke,-950.5494505494504,218.75,1,54
C,JeffWinger,-901.0989010989013,470.08689839572185,1,64
C,BrittaPerry,362.6373626373627,-176.9719251336899,1,65
C,AbedNadir,10.989010989010922,186.66443850267387,1,66
C,TroyBarnes,164.83516483516496,-626.1697860962568,1,67
C,AnnieEdison,-659.3406593406594,-663.6029411764705,1,68
C,ShirleyBennett,362.6373626373627,-599.4318181818182,1,69
C,PierceHawthorne,324.1758241758241,780.2473262032086,1,70
C,CraigPelton,653.8461538461538,-70.02005347593592,1,71
C,BenChang,785.7142857142858,534.2580213903743,1,72
TO,MichaelScott,964.549483013294,26.155385735080017,1,16
TO,JimHalpert,677.9911373707532,-358.1240902474527,1,17
TO,PamBeesly,279.1728212703101,-692.9130276564774,1,18
TO,DwightSchrute,680.9453471196457,-558.9974526928676,1,19
TO,StanleyHudson,-385.5243722304283,17.42176128093149,1,20
TO,PhyllisLapin-Vance,299.85228951255544,-133.9610625909753,1,21
TO,AndyBernard,279.1728212703101,206.65029112081515,1,22
TO,AngelaMartin,-840.4726735598227,413.34606986899576,1,23
TO,OscarMartinez,-577.5480059084196,-698.7354439592431,1,24
TO,DarrylPhilbin,-7.385524372230407,-564.8198689956332,1,25
AD,GeorgeBluthSr.,689.5522388059701,228.53860294117635,1,46
AD,LucilleBluth,453.7313432835822,431.47977941176464,1,47
AD,G.O.B.Bluth,173.1343283582089,22.65625,1,48
AD,MichaelBluth,-519.4029850746268,-362.6378676470589,1,49
AD,LindsayBluthFunke,313.43283582089543,-244.9908088235294,1,50
AD,TobiasFunke,916.4179104477612,-80.28492647058829,1,51
AD,BusterBluth,832.8358208955224,-797.9319852941177,1,52
AD,GeorgeMichaelBluth,-191.04477611940297,-392.0496323529412,1,53
AD,MaebyFunke,444.7761194029852,-39.10845588235293,1,54
C,JeffWinger,-573.1343283582089,175.5974264705883,1,64
C,BrittaPerry,-340.29850746268653,-262.6378676470589,1,65
C,AbedNadir,-280.5970149253732,-809.6966911764706,1,66
C,TroyBarnes,116.4179104477612,-568.5202205882354,1,67
C,AnnieEdison,-868.6567164179105,-821.4613970588235,1,68
C,ShirleyBennett,402.98507462686575,-662.6378676470588,1,69
C,PierceHawthorne,880.5970149253733,372.65625,1,70
C,CraigPelton,-17.91044776119395,-883.2261029411765,1,71
C,BenChang,811.9402985074626,610.8915441176471,1,72
TO,MichaelScott,648.3516483516482,-642.2125668449198,1,16
TO,JimHalpert,-549.4505494505495,-936.3302139037434,1,17
TO,PamBeesly,-917.5824175824176,-947.0254010695188,1,18
TO,DwightSchrute,961.5384615384614,-171.62433155080214,1,19
TO,StanleyHudson,27.472527472527418,52.97459893048131,1,20
TO,PhyllisLapin-Vance,-126.3736263736264,-112.8008021390374,1,21
TO,AndyBernard,741.7582417582419,-246.49064171123,1,22
TO,AngelaMartin,-956.043956043956,512.8676470588236,1,23
TO,OscarMartinez,-560.4395604395604,-695.6885026737968,1,24
TO,DarrylPhilbin,-280.2197802197802,-914.9398395721926,1,25
TO,MichaelScott,872.7786302230254,-767.1766427030816,1,16
TO,JimHalpert,20.87445386878528,-88.45615519601881,1,17
TO,PamBeesly,-469.9577041001851,-514.0472963887561,1,18
TO,DwightSchrute,-921.2975979523868,189.70796163291016,1,19
TO,StanleyHudson,-24.25953766859129,75.6606737330494,1,20
TO,PhyllisLapin-Vance,-255.5712442976464,-144.08897856180454,1,21
TO,AndyBernard,-878.9844808860962,-825.5911072371566,1,22
TO,AngelaMartin,-932.5810958367308,398.331049254607,1,23
TO,OscarMartinez,-910.0141000680426,-992.4895693761748,1,24
TO,DarrylPhilbin,-687.1650168522457,-202.50344309587967,1,25
TO,MichaelScott,-5.571030640668596,-680.4601648351648,1,16
TO,JimHalpert,-356.5459610027855,-828.8118131868132,1,17
TO,PamBeesly,-504.1782729805014,-826.0645604395604,1,18
TO,DwightSchrute,459.6100278551533,28.33104395604392,1,19
TO,StanleyHudson,-415.04178272980494,36.57280219780228,1,20
TO,PhyllisLapin-Vance,-674.0947075208913,-106.2843406593406,1,21
TO,AndyBernard,30.640668523676823,-84.30631868131866,1,22
TO,AngelaMartin,-966.5738161559888,192.06732446020783,1,23
TO,OscarMartinez,-774.3732590529248,35.473917866801,1,24
TO,DarrylPhilbin,-142.06128133704726,-165.0755326826494,1,25
AD,GeorgeBluthSr.,601.6713091922006,447.0124297089628,1,46
AD,LucilleBluth,-169.91643454039,36.57280219780228,1,47
AD,G.O.B.Bluth,484.6796657381615,815.6936142470811,1,48
AD,MichaelBluth,-805.0139275766016,-507.38324175824175,1,49
AD,LindsayBluthFunke,359.33147632311966,22.836538461538566,1,50
AD,TobiasFunke,467.96657381615614,-199.69093406593413,1,51
AD,BusterBluth,470.7520891364902,-478.8118299547133,1,52
AD,GeorgeMichaelBluth,-668.5236768802229,-721.6689560439561,1,53
AD,MaebyFunke,222.84122562674088,26.68267553979217,1,54
BB,WalterWhite,857.9387186629526,940.9684401292066,1,55
BB,JessePinkman,465.1810584958218,140.9684065934066,1,56
BB,SkylerWhite,-16.71309192200556,36.57280219780228,1,57
BB,WalterWhiteJr.,-757.6601671309193,-271.11950549450546,1,58
BB,HankSchrader,-635.0974930362117,-103.53708791208794,1,59
BB,MarieSchrader,-899.7214484679666,-73.31730769230774,1,60
BB,MikeEhrmantraut,-253.48189415041784,154.7046703296703,1,61
BB,SaulGoodman,130.9192200557104,160.19917582417588,1,62
BB,GustavoFring,-896.9359331476323,760.199242895776,1,63
LA,Aang,41.782729805014014,-867.2733516483516,1,73
LA,Katara,-440.1114206128134,-402.9876373626373,1,74
LA,Sokka,94.70752089136477,-710.679945054945,1,75
LA,Toph,270.19498607242326,-771.1195054945055,1,76
LA,Zuko,-13.927576601671376,-559.5810439560439,1,77
LA,Iroh,-545.9610027855153,-922.2184065934066,1,78
LA,Azula,768.8022284122562,812.3970450935783,1,79
LA,Appa,-69.63788300835654,-677.7129120879121,1,80
LA,Momo,-75.20891364902502,-485.4052197802198,1,81
TO,MichaelScott,923.0769230769232,-406.9184491978609,1,16
TO,JimHalpert,-21.97802197802196,-289.2713903743316,1,17
TO,PamBeesly,-637.3626373626373,-599.4318181818182,1,18
TO,DwightSchrute,-978.021978021978,-358.7901069518716,1,19
TO,StanleyHudson,203.2967032967033,106.45053475935832,1,20
TO,PhyllisLapin-Vance,-43.95604395604392,74.36497326203221,1,21
TO,AndyBernard,-1021.978021978022,85.06016042780743,1,22
TO,AngelaMartin,-972.5274725274726,400.568181818182,1,23
TO,OscarMartinez,-873.6263736263736,-150.23395721925135,1,24
TO,DarrylPhilbin,362.6373626373627,-118.14839572192513,1,25
LA,Aang,-708.7912087912088,-904.2446524064172,1,73
LA,Katara,-950.5494505494504,-738.4692513368984,1,74
LA,Sokka,230.7692307692309,-797.2927807486631,1,75
LA,Toph,615.3846153846155,-615.4745989304813,1,76
LA,Zuko,-98.90109890109886,-519.2179144385027,1,77
LA,Iroh,-472.52747252747247,-829.3783422459893,1,78
LA,Azula,280.2197802197802,929.9799465240642,1,79
LA,Appa,-978.021978021978,-941.677807486631,1,80
LA,Momo,774.7252747252746,-957.720588235294,1,81
LA,Aang,1006.3108880835846,-951.7766497461928,1,73
LA,Katara,-900.7458448820394,-951.7766497461928,1,74
LA,Sokka,-22.94890359428792,-947.264521255106,1,75
LA,Toph,958.1181169992468,-507.33222251414446,1,76
LA,Zuko,-456.68389587927606,-385.50481134663175,1,77
LA,Iroh,390.131991414318,-443.034422175735,1,78
LA,Azula,971.8874801662004,943.3164128595602,1,79
LA,Appa,-955.8232909841096,36.37901861252135,1,80
LA,Momo,985.656843333154,-4.230118443316428,1,81
UA,SirReginaldHargreeves,-633.0376940133037,196.5277153148986,1,0
UA,Pogo,-395.7871396895787,-270.5774809184828,1,1
UA,Grace,-324.8337028824834,-500.8406388132195,1,2
UA,LutherHargreeves,-608.6474501108647,-551.2792353044476,1,3
UA,DiegoHargreeves,-7.760532150776044,-386.8055510939214,1,4
UA,AllisonHargreeves,65.4101995565411,-206.98098969041257,1,5
UA,KlausHargreeves,777.161862527716,-628.0336212693599,1,6
UA,NumberFive,630.820399113082,-29.34941074304413,1,7
UA,BenHargreeves,515.5210643015521,-257.4195861816406,1,8
UA,VanyaHargreeves,936.8070953436808,-60.05116512900906,1,9
UA,TheHandler,-633.0376940133037,626.3524105674344,1,10
C,JeffWinger,-216.18625277161857,-132.41958618164062,1,64
C,BrittaPerry,200.6651884700666,18.89620329204365,1,65
C,AbedNadir,384.7006651884701,-307.8581826728687,1,66
C,TroyBarnes,923.5033259423504,-255.22660372550035,1,67
C,AnnieEdison,171.84035476718418,-312.24414758514945,1,68
C,ShirleyBennett,-227.27272727272725,-406.5423931991845,1,69
C,PierceHawthorne,-16.629711751662967,420.2120596902412,1,70
C,CraigPelton,462.3059866962308,111.0015333744518,1,71
C,BenChang,956.7627494456764,575.9138140762061,1,72
LA,Aang,586.4745011086475,-792.5073054798862,1,73
LA,Katara,-1.108647450110879,-645.5774809184827,1,74
LA,Sokka,382.4833702882484,-645.5774809184827,1,75
LA,Toph,-80.93126385809308,-413.1213405676056,1,76
LA,Zuko,-395.7871396895787,-42.50730547988621,1,77
LA,Iroh,-593.1263858093126,-737.6827440763775,1,78
LA,Azula,792.6829268292684,744.7733293499864,1,79
LA,Appa,-16.629711751662967,16.703220835903267,1,80
LA,Momo,865.8536585365855,-899.9634458307635,1,81
AD,GeorgeBluthSr.,-820.8955223880597,-822.9477611940299,1,46
AD,LucilleBluth,749.2537313432836,388.9925373134329,1,47
AD,G.O.B.Bluth,325.3731343283582,-261.7537313432836,1,48
AD,MichaelBluth,-325.3731343283582,418.8432835820895,1,49
AD,LindsayBluthFunke,-510.44776119402985,-309.51492537313425,1,50
AD,TobiasFunke,-325.3731343283582,186.00746268656712,1,51
AD,BusterBluth,176.11940298507466,-619.9626865671642,1,52
AD,GeorgeMichaelBluth,289.5522388059701,574.0671641791043,1,53
AD,MaebyFunke,122.3880597014927,30.783582089552283,1,54
LA,Aang,-886.2308719725204,-959.1098727039237,1,73
LA,Katara,-791.6550722506845,-769.9582838713709,1,74
LA,Sokka,-577.4687235146471,-683.7274076544029,1,75
LA,Toph,1.112639489525349,14.464568030684973,1,76
LA,Zuko,354.3810678622651,33.93605620871017,1,77
LA,Iroh,1.112639489525349,-783.8664897128173,1,78
LA,Azula,957.9972862699932,709.8748601030077,1,79
UA,SirReginaldHargreeves,-421.6968180904468,748.2614742698192,1,0
UA,Pogo,-535.7441059903076,-364.3949930458971,1,1
UA,Grace,-719.332401875163,-692.6286509040333,1,2
UA,LutherHargreeves,-140.7510600932285,-689.8470097357441,1,3
UA,DiegoHargreeves,92.90679804307206,-378.3031988873436,1,4
UA,AllisonHargreeves,-318.7760948637431,-823.36578581363,1,5
UA,KlausHargreeves,599.1655755606746,-561.8915159944368,1,6
UA,NumberFive,223.6439329526688,147.42698191933232,1,7
UA,BenHargreeves,56.74546285531119,-16.689847009735786,1,8
UA,VanyaHargreeves,95.68843921136136,203.05980528511827,1,9
UA,TheHandler,-4.450642847053245,926.2865090403338,1,10
C,JeffWinger,-5.0,-161.875,1,64
C,BrittaPerry,885.0,-186.875,1,65
C,AbedNadir,2.5,-779.375,1,66
C,TroyBarnes,855.0,-786.875,1,67
C,AnnieEdison,-442.5,-886.875,1,68
C,ShirleyBennett,-927.5,-406.875,1,69
C,PierceHawthorne,492.5,425.625,1,70
C,CraigPelton,-725.0,3.125,1,71
C,BenChang,912.5,898.125,1,72
UA,SirReginaldHargreeves,1.6051364365972631,278.49117174959883,1,0
UA,Pogo,8.025682182985634,-13.64365971107543,1,1
UA,Grace,756.0192616372392,-520.8667736757625,1,2
UA,LutherHargreeves,-563.4028892455858,-556.1797752808989,1,3
UA,DiegoHargreeves,341.89406099518465,-186.99839486356336,1,4
UA,AllisonHargreeves,-518.4590690208668,-389.2455858747994,1,5
UA,KlausHargreeves,746.3884430176565,-4.01284109149276,1,6
UA,NumberFive,640.4494382022472,573.836276083467,1,7
UA,BenHargreeves,-717.4959871589085,-697.4317817014446,1,8
UA,VanyaHargreeves,-495.9871589085072,397.27126805778494,1,9
UA,TheHandler,-707.8651685393259,625.2006420545747,1,10
BB,WalterWhite,-856.7164179104477,645.7089552238806,1,55
BB,JessePinkman,534.3283582089553,-709.5149253731342,1,56
BB,SkylerWhite,-110.44776119402992,-208.02238805970148,1,57
BB,WalterWhiteJr.,-331.3432835820895,-572.2014925373135,1,58
BB,HankSchrader,-379.1044776119403,-279.6641791044776,1,59
BB,MarieSchrader,80.59701492537329,90.48507462686575,1,60
BB,MikeEhrmantraut,-307.46268656716416,251.67910447761187,1,61
BB,SaulGoodman,373.1343283582089,-369.21641791044783,1,62
BB,GustavoFring,-791.044776119403,180.03731343283584,1,63
RM,BethSmith,-542.7631578947369,-413.1213405676056,1,11
RM,SummerSmith,294.95614035087715,-255.22660372550035,1,12
RM,RickSanchez,661.1842105263156,396.0892526726973,1,13
RM,MortySmith,1.096491228070249,-220.1388844272548,1,14
RM,JerrySmith,-849.780701754386,-11.805551093921396,1,15
TB,BillyButcher,792.7631578947369,461.87859250788097,1,26
TB,HughieCampbell,518.640350877193,-478.9108142518161,1,27
TB,Mother'sMilk,404.6052631578948,-123.6476563570792,1,28
TB,Frenchie,803.7280701754385,174.59802460252172,1,29
TB,Kimiko,808.1140350877195,-209.17397214655284,1,30
TB,Homelander,384.8684210526317,876.3524105674344,1,31
TB,QueenMaeve,-327.85087719298247,-156.54239319918452,1,32
TB,BlackNoir,91.00877192982443,694.3348667077851,1,33
TB,TheDeep,-209.4298245614035,271.0892526726973,1,34
TB,A-Train,-218.20175438596493,523.2822351288378,1,35
TB,Starlight,-268.640350877193,-448.2090598658512,1,36
C,JeffWinger,-141.4473684210526,80.2997120639734,1,64
C,BrittaPerry,128.28947368421063,-81.98098969041257,1,65
C,AbedNadir,-746.7105263157895,-834.1739721465528,1,66
C,TroyBarnes,-536.1842105263158,-842.9459019711143,1,67
C,AnnieEdison,-612.938596491228,-163.12134056760556,1,68
C,ShirleyBennett,-722.5877192982456,-226.7178317956757,1,69
C,PierceHawthorne,-639.2543859649122,262.317322848136,1,70
C,CraigPelton,527.4122807017543,-5.226603725500354,1,71
C,BenChang,356.359649122807,486.0015333744518,1,72
LA,Aang,498.90350877192986,-954.7880072342722,1,73
LA,Katara,341.00877192982443,-959.173972146553,1,74
LA,Sokka,422.1491228070177,-742.0687089886582,1,75
LA,Toph,748.9035087719299,-689.4371300412897,1,76
LA,Zuko,-766.4473684210526,-369.2616914447984,1,77
LA,Iroh,-652.4122807017544,-562.2441475851494,1,78
LA,Azula,680.921052631579,709.6857439007676,1,79
LA,Appa,764.2543859649122,-919.7002879360266,1,80
LA,Momo,768.640350877193,-391.1915160062021,1,81
TO,MichaelScott,481.283422459893,-620.822192513369,1,16
TO,JimHalpert,508.02139037433153,4.846256684492005,1,17
TO,PamBeesly,-518.716577540107,-572.6938502673797,1,18
TO,DwightSchrute,-716.5775401069518,-11.196524064171172,1,19
TO,StanleyHudson,-16.042780748663063,-21.89171122994651,1,20
TO,PhyllisLapin-Vance,-470.5882352941177,-390.87566844919786,1,21
TO,AndyBernard,427.807486631016,470.08689839572185,1,22
TO,AngelaMartin,-422.4598930481284,395.2205882352941,1,23
TO,OscarMartinez,-764.7058823529412,-813.3355614973261,1,24
TO,DarrylPhilbin,224.59893048128333,-824.0307486631016,1,25
LA,Aang,-872.3404255319149,-906.966039279869,1,73
LA,Katara,194.7626841243864,-903.6927168576104,1,74
LA,Sokka,-188.21603927986905,-900.4193944353519,1,75
LA,Toph,865.7937806873977,-298.1280687397708,1,76
LA,Zuko,-554.8281505728314,-177.01513911620293,1,77
LA,Iroh,-891.9803600654665,-645.1002454991817,1,78
LA,Azula,1.6366612111294212,539.8424713584288,1,79
LA,Appa,548.2815057283142,-782.5797872340426,1,80
LA,Momo,888.7070376432077,-723.6599836333879,1,81
BB,WalterWhite,836.5527488855869,360.65193164933135,1,55
BB,JessePinkman,1.485884101040142,-441.7254829123328,1,56
BB,SkylerWhite,-230.3120356612184,-706.212852897474,1,57
BB,WalterWhiteJr.,7.429420505200596,-831.0271173848439,1,58
BB,HankSchrader,-340.2674591381872,-159.4075037147103,1,59
BB,MarieSchrader,682.0208023774146,-192.09695393759284,1,60
BB,MikeEhrmantraut,-589.8959881129272,167.48699851411584,1,61
BB,SaulGoodman,-4.457652303120312,-7.847325408618076,1,62
BB,GustavoFring,-893.0163447251115,773.7277117384845,1,63
RM,RickSanchez,771.3310580204777,618.3162684869169,1,13
RM,MortySmith,-646.188850967008,-203.07167235494887,1,14
RM,JerrySmith,844.1410693970422,-749.1467576791808,1,15
AD,GeorgeBluthSr.,862.3435722411832,-14.220705346985142,1,46
AD,LucilleBluth,850.9670079635948,702.5028441410695,1,47
AD,G.O.B.Bluth,850.9670079635948,-178.0432309442548,1,48
AD,MichaelBluth,-750.8532423208192,-187.1444823663254,1,49
AD,LindsayBluthFunke,762.2298065984073,429.4653014789533,1,50
AD,TobiasFunke,707.6222980659841,-765.0739476678043,1,51
AD,BusterBluth,837.3151308304891,-840.1592718998862,1,52
AD,GeorgeMichaelBluth,-755.4038680318544,-751.4220705346985,1,53
AD,MaebyFunke,728.1001137656428,727.5312855517632,1,54
UA,SirReginaldHargreeves,-966.7230660943612,518.048539782942,1,0
UA,Pogo,-557.2476201452781,379.3006548421638,1,1
UA,Grace,-936.2662133024832,-439.6503274210819,1,2
UA,LutherHargreeves,-885.5047984373348,-172.30684180348453,1,3
UA,DiegoHargreeves,880.9925989451142,-412.5775693838568,1,4
UA,AllisonHargreeves,-137.61981893110203,-514.1004120234506,1,5
UA,KlausHargreeves,542.5832267541773,-415.96166413851,1,6
UA,NumberFive,1.128066009676445,230.40048563742607,1,7
UA,BenHargreeves,-191.76538664274003,-906.6553906539168,1,8
UA,VanyaHargreeves,-543.7112411266656,-893.1190116353043,1,9
UA,TheHandler,-831.3592823628846,294.69828597583546,1,10
AD,GeorgeBluthSr.,-932.88211854783,750.4230118443315,1,46
AD,LucilleBluth,-763.677374360525,577.8341793570221,1,47
AD,G.O.B.Bluth,559.5037005274428,362.3801810688981,1,48
AD,MichaelBluth,-201.9176709066994,-223.06826312328155,1,49
AD,LindsayBluthFunke,-12.408313008936034,-4.230118443316428,1,50
AD,TobiasFunke,955.4426835474832,-13.254336697599456,1,51
AD,GeorgeMichaelBluth,298.9284044191518,-114.7771793371934,1,53
C,JeffWinger,-168.0767233601681,162.71859054436322,1,64
C,AbedNadir,617.0333113565459,-615.6232288444505,1,66
C,TroyBarnes,241.39879359004863,-629.1596078630631,1,67
C,CraigPelton,-340.6655558474778,-487.0276539862257,1,71
LA,Aang,630.5696903751586,-920.1917696725292,1,73
LA,Katara,170.33280374233277,-838.9734955608542,1,74
LA,Sokka,369.9943942668676,-889.7349168806512,1,75
LA,Toph,877.6085041904612,-676.5369344282069,1,76
LA,Zuko,-594.4726624464626,-514.1004120234506,1,77
LA,Iroh,-943.0344028117896,-916.8076749178764,1,78
LA,Azula,-428.6520194684592,710.9418375237944,1,79
LA,Appa,99.26681389461714,-243.37283165120027,1,80
LA,Momo,268.4715516272738,-314.438821498916,1,81
UA,SirReginaldHargreeves,-874.8627881448957,285.1262349066958,1,0
UA,Pogo,-659.7145993413831,-830.1317233809001,1,1
UA,Grace,-866.0812294182217,-832.3271130625686,1,2
UA,LutherHargreeves,-473.10647639956096,-257.1350164654226,1,3
UA,DiegoHargreeves,246.98133918770577,-6.860592755214043,1,4
UA,AllisonHargreeves,-97.69484083424813,-195.66410537870468,1,5
UA,KlausHargreeves,756.311745334797,63.3918770581779,1,6
UA,NumberFive,653.1284302963775,206.09220636663008,1,7
UA,BenHargreeves,-69.15477497255768,-349.3413830954994,1,8
UA,VanyaHargreeves,-626.7837541163557,6.31174533479691,1,9
UA,TheHandler,-611.4160263446762,697.8594950603731,1,10
AD,GeorgeBluthSr.,150.38419319429204,296.10318331503845,1,46
AD,LucilleBluth,-172.338090010977,192.9198682766192,1,47
AD,G.O.B.Bluth,798.0241492864984,434.4127332601538,1,48
AD,MichaelBluth,-214.0504939626784,-413.00768386388586,1,49
AD,LindsayBluthFunke,132.82107574094402,-116.63007683863896,1,50
AD,TobiasFunke,833.1503841931942,-184.68715697036225,1,51
AD,BusterBluth,563.1174533479693,-303.23819978046106,1,52
AD,GeorgeMichaelBluth,-725.576289791438,-481.06476399560927,1,53
AD,MaebyFunke,407.2447859495062,-153.9517014270033,1,54
AD,GeorgeBluthSr.,-407.3455759599333,417.36227045075134,1,46
AD,LucilleBluth,-404.00667779632727,684.4741235392321,1,47
AD,G.O.B.Bluth,427.3789649415694,584.3071786310518,1,48
AD,MichaelBluth,-430.7178631051753,-13.355592654423958,1,49
AD,LindsayBluthFunke,-3.338898163606018,507.5125208681136,1,50
AD,TobiasFunke,530.8848080133557,-567.6126878130217,1,51
AD,BusterBluth,-550.9181969949916,-631.0517529215358,1,52
AD,GeorgeMichaelBluth,-407.3455759599333,-474.1235392320534,1,53
AD,MaebyFunke,0.0,-60.10016694490821,1,54
RM,BethSmith,-413.8309549945116,-434.9615806805708,1,11
RM,SummerSmith,503.8419319429199,-169.31942919868277,1,12
RM,RickSanchez,690.450054884742,498.07903402854,1,13
RM,MortySmith,372.11855104280994,-696.2129527991218,1,14
RM,JerrySmith,-765.0933040614709,-6.860592755214043,1,15
TO,MichaelScott,611.4160263446761,-294.45664105378694,1,16
TO,JimHalpert,-547.7497255762898,-281.2843029637761,1,17
TO,PamBeesly,-1.097694840834265,-443.7431394072447,1,18
TO,DwightSchrute,-978.046103183315,596.8715697036225,1,19
TO,StanleyHudson,-9.879253567508158,-263.7211855104281,1,20
TO,PhyllisLapin-Vance,-279.91218441273327,-160.53787047200876,1,21
TO,AndyBernard,194.29198682766173,-46.3776070252469,1,22
TO,AngelaMartin,-334.7969264544457,74.36882546652032,1,23
TO,OscarMartinez,-97.69484083424813,-142.97475301866075,1,24
TO,DarrylPhilbin,115.257958287596,-142.97475301866075,1,25
C,JeffWinger,-941.1764705882352,-877.5066844919786,1,64
C,BrittaPerry,951.8716577540108,-465.7419786096257,1,65
C,AbedNadir,540.1069518716577,-920.2874331550802,1,66
C,TroyBarnes,545.4545454545455,-813.3355614973261,1,67
C,AnnieEdison,-604.2780748663101,-813.3355614973261,1,68
C,ShirleyBennett,-925.1336898395722,-829.3783422459893,1,69
C,PierceHawthorne,16.042780748663176,-262.5334224598932,1,70
C,CraigPelton,10.695187165775453,-471.0895721925134,1,71
C,BenChang,989.3048128342244,42.279411764705856,1,72
UA,SirReginaldHargreeves,-501.8181818181818,-158.18181818181824,1,0
UA,Pogo,-7.272727272727366,-5.454545454545496,1,1
UA,Grace,-803.6363636363636,-772.7272727272727,1,2
UA,LutherHargreeves,538.181818181818,-187.27272727272725,1,3
UA,DiegoHargreeves,-407.27272727272725,-787.2727272727273,1,4
UA,AllisonHargreeves,-254.5454545454545,-558.1818181818182,1,5
UA,KlausHargreeves,792.7272727272727,-496.3636363636363,1,6
UA,NumberFive,-781.8181818181819,-449.0909090909091,1,7
UA,BenHargreeves,-200.0,-267.27272727272725,1,8
UA,VanyaHargreeves,683.6363636363635,-725.4545454545455,1,9
UA,TheHandler,596.3636363636365,776.3636363636363,1,10
LA,Aang,-141.60263446761803,-841.1086717892426,1,73
LA,Katara,-852.9088913282108,-867.4533479692645,1,74
LA,Sokka,97.69484083424824,-678.6498353457739,1,75
LA,Toph,-732.1624588364434,-880.6256860592755,1,76
LA,Zuko,560.9220636663008,-757.6838638858397,1,77
LA,Azula,279.91218441273327,568.3315038419319,1,79
LA,Appa,-233.8090010976948,-344.95060373216245,1,80
LA,Momo,-163.55653128430288,-415.2030735455543,1,81
SL,FrankGallagher,791.044776119403,741.2313432835822,1,37
SL,FionaGallagher,-86.56716417910445,-422.9477611940299,1,38
SL,LipGallagher,-516.4179104477612,532.2761194029849,1,39
SL,IanGallagher,862.686567164179,-888.6194029850747,1,40
SL,DebbieGallagher,253.7313432835822,-22.94776119402991,1,41
SL,CarlGallagher,438.80597014925365,18.84328358208949,1,42
SL,LiamGallagher,-38.80597014925365,42.72388059701484,1,43
SL,VeronicaFisher,432.8358208955224,-524.4402985074628,1,44
SL,KevinBall,-552.2388059701493,-852.7985074626865,1,45
UA,SirReginaldHargreeves,-170.14925373134326,132.27611940298516,1,0
UA,Pogo,-385.0746268656716,-416.9776119402985,1,1
UA,Grace,-988.0597014925372,-942.3507462686568,1,2
UA,LutherHargreeves,-856.7164179104477,-733.3955223880597,1,3
UA,DiegoHargreeves,349.2537313432836,-697.5746268656717,1,4
UA,AllisonHargreeves,510.4477611940299,-440.8582089552239,1,5
UA,KlausHargreeves,970.1492537313432,-434.8880597014926,1,6
UA,NumberFive,743.2835820895523,-440.8582089552239,1,7
UA,BenHargreeves,647.7611940298507,-608.0223880597015,1,8
UA,VanyaHargreeves,-188.05970149253733,-190.11194029850745,1,9
UA,TheHandler,952.2388059701492,884.5149253731345,1,10
TB,BillyButcher,32.835820895522374,-685.6343283582089,1,26
TB,HughieCampbell,92.53731343283584,-858.7686567164179,1,27
TB,Mother'sMilk,-594.0298507462687,-924.4402985074628,1,28
TB,Frenchie,940.2985074626864,-661.7537313432836,1,29
TB,Kimiko,283.5820895522388,-160.26119402985069,1,30
TB,Homelander,-683.5820895522388,944.2164179104476,1,31
TB,QueenMaeve,8.955223880597032,-416.9776119402985,1,32
TB,BlackNoir,20.895522388059817,788.9925373134329,1,33
TB,TheDeep,8.955223880597032,221.82835820895525,1,34
TB,A-Train,659.7014925373135,586.0074626865671,1,35
TB,Starlight,-128.35820895522386,-816.9776119402985,1,36
LA,Aang,570.1492537313434,-781.1567164179105,1,73
LA,Katara,868.6567164179105,-834.8880597014926,1,74
LA,Sokka,808.955223880597,-619.9626865671642,1,75
LA,Toph,331.3432835820895,-924.4402985074628,1,76
LA,Zuko,-755.223880597015,-512.5,1,77
LA,Iroh,701.4925373134329,-942.3507462686568,1,78
LA,Azula,-910.44776119403,860.6343283582089,1,79
LA,Appa,-767.1641791044776,-924.4402985074628,1,80
LA,Momo,-32.835820895522374,-16.977611940298402,1,81
BB,WalterWhite,-817.8571428571429,614.7879464285716,1,55
BB,JessePinkman,875.0,471.9308035714285,1,56
BB,SkylerWhite,-875.0,-903.0691964285714,1,57
BB,HankSchrader,-517.8571428571429,-920.9263392857142,1,59
TB,BillyButcher,562.2222900390625,-318.7962849934895,1,26
TB,HughieCampbell,-215.5554877387152,-662.129635281033,1,27
TB,Mother'sMilk,-1.6665988498263,-285.46295166015625,1,28
TB,Frenchie,140.00006781684033,-982.6851738823784,1,29
TB,Kimiko,-593.333265516493,-374.3518405490452,1,30
TB,Homelander,-15.555487738715328,953.4259372287328,1,31
TB,QueenMaeve,-379.4443766276042,-142.68519083658862,1,32
TB,BlackNoir,-12.7777099609375,120.0926038953994,1,33
TB,TheDeep,162.2222900390625,242.3148261176216,1,34
TB,A-Train,-4.4443766276042425,347.3147922092014,1,35
TB,Starlight,-18.333265516493043,-973.240746392144,1,36
C,JeffWinger,-607.0252469813393,-230.7903402854007,1,64
C,BrittaPerry,297.4753018660813,-524.9725576289791,1,65
C,AbedNadir,64.7639956092205,-964.0504939626784,1,66
C,TroyBarnes,-91.10867178924263,-968.4412733260152,1,67
C,AnnieEdison,-931.9429198682766,-946.4873765093304,1,68
C,ShirleyBennett,-747.5301866081229,-658.8913282107574,1,69
C,PierceHawthorne,964.8737650933042,366.3556531284303,1,70
C,CraigPelton,-762.8979143798024,-507.4094401756312,1,71
C,BenChang,969.264544456641,761.5257958287596,1,72
TO,MichaelScott,556.6666666666667,417.83335367838527,1,16
TO,JimHalpert,513.3333333333335,177.8333536783853,1,17
TO,PamBeesly,-46.66666666666663,-405.4999796549479,1,18
TO,DwightSchrute,420.0,77.83335367838549,1,19
TO,StanleyHudson,-193.33333333333337,67.83335367838549,1,20
TO,PhyllisLapin-Vance,240.0,-792.1666717529297,1,21
TO,AndyBernard,90.0,-595.499979654948,1,22
TO,AngelaMartin,-510.0,317.8333536783855,1,23
TO,OscarMartinez,-380.0,137.8333536783853,1,24
TO,DarrylPhilbin,-23.33333333333337,-5.499979654947879,1,25
AD,GeorgeBluthSr.,-50.0,594.500020345052,1,46
AD,LucilleBluth,760.0,664.5000203450522,1,47
AD,G.O.B.Bluth,846.6666666666667,427.83335367838527,1,48
AD,MichaelBluth,-743.3333333333334,-288.83331298828125,1,49
AD,LindsayBluthFunke,310.0,307.8333536783855,1,50
AD,TobiasFunke,226.6666666666665,-2.166646321614507,1,51
AD,BusterBluth,813.3333333333333,4.500020345052007,1,52
AD,GeorgeMichaelBluth,-360.0,-105.499979654948,1,53
AD,MaebyFunke,10.0,131.16668701171875,1,54
LA,Aang,-300.0,-812.1666717529297,1,73
LA,Katara,-580.0,-688.8333384195964,1,74
LA,Sokka,473.3333333333335,-618.8333384195964,1,75
LA,Toph,653.3333333333333,-212.16664632161465,1,76
LA,Zuko,306.66666666666674,-392.1666463216146,1,77
LA,Iroh,-3.333333333333257,-935.5000050862632,1,78
LA,Azula,360.0,784.4999186197915,1,79
LA,Appa,-500.0,-928.8333384195964,1,80
LA,Momo,646.6666666666667,-38.83331298828125,1,81
SL,FrankGallagher,-844.776119402985,878.544776119403,1,37
SL,FionaGallagher,665.671641791045,-667.723880597015,1,38
SL,LipGallagher,-158.2089552238806,174.06716417910457,1,39
SL,IanGallagher,832.8358208955224,-381.1567164179105,1,40
SL,DebbieGallagher,402.98507462686575,-94.58955223880594,1,41
SL,CarlGallagher,832.8358208955224,777.0522388059701,1,42
SL,LiamGallagher,-546.2686567164178,466.6044776119402,1,43
SL,VeronicaFisher,892.5373134328358,-978.1716417910447,1,44
SL,KevinBall,247.76119402985069,-560.2611940298507,1,45
UA,SirReginaldHargreeves,-296.6723240369871,5.922165820642931,1,0
UA,Pogo,7.896255518982798,-3.102052433639983,1,1
UA,Grace,-787.366037643097,-846.8697123519459,1,2
UA,LutherHargreeves,-567.3999044092375,-180.2030456852792,1,3
UA,DiegoHargreeves,691.483395958915,-491.5397631133672,1,4
UA,AllisonHargreeves,-2.2560287449767884,-393.4010152284264,1,5
UA,KlausHargreeves,847.1516513985828,-21.15059221658214,1,6
UA,NumberFive,11.280350273635804,-588.5504966258196,1,7
UA,BenHargreeves,143.2600457051078,-873.9424703891709,1,8
UA,VanyaHargreeves,661.0265431670368,90.52453468697126,1,9
UA,TheHandler,793.0061353241329,263.11336717428094,1,10
TO,MichaelScott,674.5629221856493,-70.7839475267026,1,16
TO,JimHalpert,-188.3812918880869,301.4664754851417,1,17
TO,PamBeesly,-743.3728058326062,0.2820423210130229,1,18
TO,DwightSchrute,-22.560597272895507,-267.0614949337722,1,19
TO,StanleyHudson,7.896255518982798,3.66613707566637,1,20
TO,PhyllisLapin-Vance,-134.2357241764488,159.33449578971022,1,21
TO,AndyBernard,-208.68586041600565,-371.9684323280193,1,22
TO,AngelaMartin,7.896255518982798,274.39371744791674,1,23
TO,OscarMartinez,275.2397411365798,-152.0022216383777,1,24
TO,DarrylPhilbin,265.0874568726206,-13.254336697599456,1,25
TB,BillyButcher,562.887795282096,13.81842133962573,1,26
TB,HughieCampbell,759.1651877776017,-767.9074928038415,1,27
TB,Mother'sMilk,-665.5386264755842,-470.1071802129601,1,28
TB,Frenchie,-418.49973520449976,-788.2120613317602,1,29
TB,Kimiko,535.8150372448708,-179.07503131279077,1,30
TB,Homelander,870.8403146811547,873.3783857471446,1,31
TB,QueenMaeve,24.816729292248283,199.94363284554765,1,32
TB,BlackNoir,1.128066009676445,0.2820423210130229,1,33
TB,TheDeep,617.0333113565459,514.6644450282888,1,34
TB,A-Train,650.8742589030774,754.9350693342851,1,35
TB,Starlight,478.2854264157677,-656.2323659002882,1,36
C,JeffWinger,200.7896565342112,128.87764299783203,1,64
C,BrittaPerry,427.5240050959708,-141.84993737441835,1,65
C,AbedNadir,7.896255518982798,-784.8279665771072,1,66
C,TroyBarnes,238.0146988353954,-767.9074928038415,1,67
C,AnnieEdison,-459.1088722603374,-520.868601532757,1,68
C,ShirleyBennett,-699.3795740221155,254.0891489199978,1,69
C,PierceHawthorne,380.1466785308269,612.8031929132296,1,70
C,CraigPelton,874.224409435808,-23.40662096155881,1,71
C,BenChang,880.9925989451142,585.7304348760047,1,72
LA,Aang,-5.640123499629794,-493.795843495532,1,73
LA,Katara,677.9470169403023,-608.8550393351443,1,74
LA,Sokka,718.5560507217638,-517.4845067781039,1,75
LA,Toph,820.0788933613578,-544.5572648153288,1,76
LA,Zuko,501.9740896983399,-503.94812775949134,1,77
LA,Iroh,-831.3592823628846,-876.1985378620386,1,78
LA,Azula,820.0788933613578,484.2075922364109,1,79
LA,Appa,31.58491880155475,-527.6367910420632,1,80
LA,Momo,782.8538510601734,-338.127484781488,1,81
RM,BethSmith,349.1803778976689,-7.752715564164987,1,11
RM,SummerSmith,4.918082815701837,2.902984619140625,1,12
RM,RickSanchez,1017.2131647829148,0.0341446673284053,1,13
RM,MortySmith,6.967263143570676,-835.21176947922,1,14
RM,JerrySmith,-939.7540483318392,-3.244556364466007,1,15
UA,SirReginaldHargreeves,-497.5767366720517,577.0395799676896,1,0
UA,Pogo,-504.0387722132472,-453.6550888529887,1,1
UA,Grace,-914.37802907916,-912.4596122778676,1,2
UA,LutherHargreeves,-914.37802907916,-4.543618739903081,1,3
UA,DiegoHargreeves,300.4846526655897,-686.2883683360259,1,4
UA,AllisonHargreeves,-833.6025848142165,-179.01857835218095,1,5
UA,KlausHargreeves,820.6785137318254,-395.49676898222936,1,6
UA,NumberFive,-361.87399030694667,350.8683360258483,1,7
UA,BenHargreeves,487.8836833602584,-834.9151857835218,1,8
UA,VanyaHargreeves,0.0,-17.46768982229412,1,9
UA,TheHandler,752.827140549273,619.0428109854604,1,10
TO,MichaelScott,914.7058823529412,-527.8033088235295,1,16
TO,JimHalpert,2.941176470588175,-183.68566176470583,1,17
TO,PamBeesly,-250.0,-430.7444852941177,1,18
TO,DwightSchrute,-911.7647058823528,122.19669117647072,1,19
TO,StanleyHudson,185.2941176470588,-18.97977941176464,1,20
TO,PhyllisLapin-Vance,5.882352941176464,-10.15625,1,21
TO,AndyBernard,182.3529411764705,248.66727941176487,1,22
TO,AngelaMartin,-676.4705882352941,601.6084558823529,1,23
TO,OscarMartinez,-429.4117647058824,-648.3915441176471,1,24
TO,DarrylPhilbin,11.764705882352928,-739.5680147058824,1,25
AD,GeorgeBluthSr.,288.2352941176471,-218.97977941176475,1,46
AD,LucilleBluth,597.0588235294119,798.6672794117646,1,47
AD,G.O.B.Bluth,-141.17647058823536,-539.5680147058823,1,48
AD,MichaelBluth,-444.11764705882354,-263.0974264705882,1,49
AD,LindsayBluthFunke,182.3529411764705,-580.7444852941176,1,50
AD,TobiasFunke,650.0,-539.5680147058823,1,51
AD,BusterBluth,382.3529411764705,286.9025735294117,1,52
AD,GeorgeMichaelBluth,-470.5882352941177,-92.5091911764706,1,53
AD,MaebyFunke,732.3529411764707,481.02022058823513,1,54
C,JeffWinger,-470.5882352941177,278.0790441176471,1,64
C,BrittaPerry,979.4117647058824,-10.15625,1,65
C,AbedNadir,-444.11764705882354,-939.5680147058824,1,66
C,TroyBarnes,152.94117647058806,-277.8033088235294,1,67
C,AnnieEdison,-720.5882352941176,-663.0974264705883,1,68
C,ShirleyBennett,-302.9411764705883,551.6084558823529,1,69
C,PierceHawthorne,950.0,422.1966911764705,1,70
C,CraigPelton,341.17647058823513,-871.9209558823529,1,71
C,BenChang,658.8235294117649,-839.5680147058823,1,72
RM,BethSmith,-785.0746268656717,-518.4701492537313,1,11
RM,SummerSmith,456.7164179104477,-339.3656716417911,1,12
RM,RickSanchez,868.6567164179105,580.0373134328358,1,13
RM,MortySmith,62.68656716417922,281.5298507462687,1,14
RM,JerrySmith,92.53731343283584,-28.917910447761187,1,15
TO,MichaelScott,844.7761194029849,-596.0820895522388,1,16
TO,JimHalpert,26.865671641791096,-500.5597014925373,1,17
TO,PamBeesly,-605.9701492537313,-518.4701492537313,1,18
TO,DwightSchrute,-802.9850746268656,603.9179104477612,1,19
TO,StanleyHudson,-50.74626865671644,-22.94776119402991,1,20
TO,PhyllisLapin-Vance,450.7462686567165,424.8134328358208,1,21
TO,AndyBernard,767.1641791044776,-273.69402985074635,1,22
TO,AngelaMartin,-713.4328358208954,818.8432835820895,1,23
TO,OscarMartinez,-820.8955223880597,-870.7089552238806,1,24
TO,DarrylPhilbin,-92.53731343283572,-542.3507462686566,1,25
AD,GeorgeBluthSr.,-773.1343283582089,729.2910447761194,1,46
AD,LucilleBluth,80.59701492537329,836.7537313432836,1,47
AD,G.O.B.Bluth,868.6567164179105,6.90298507462694,1,48
AD,MichaelBluth,-629.8507462686567,-793.0970149253731,1,49
AD,LindsayBluthFunke,-629.8507462686567,454.6641791044776,1,50
AD,TobiasFunke,659.7014925373135,6.90298507462694,1,51
AD,BusterBluth,-26.865671641791096,-333.3955223880597,1,52
AD,GeorgeMichaelBluth,-444.7761194029852,-285.6343283582089,1,53
AD,MaebyFunke,552.2388059701493,30.783582089552283,1,54
C,JeffWinger,-779.1044776119403,239.7388059701493,1,64
C,BrittaPerry,617.9104477611941,-709.5149253731342,1,65
C,AbedNadir,-331.3432835820895,-613.9925373134329,1,66
C,TroyBarnes,-552.2388059701493,-966.231343283582,1,67
C,AnnieEdison,-779.1044776119403,-213.9925373134328,1,68
C,ShirleyBennett,-420.8955223880597,418.8432835820895,1,69
C,PierceHawthorne,629.8507462686566,591.9776119402984,1,70
C,CraigPelton,289.5522388059701,-679.6641791044776,1,71
C,BenChang,844.7761194029849,938.2462686567164,1,72
RM,BethSmith,-989.0230515916576,-13.44676180021952,1,11
RM,SummerSmith,-227.2228320526893,96.32272228320517,1,12
RM,RickSanchez,942.9198682766192,-11.251372118551105,1,13
RM,MortySmith,-1021.953896816685,-959.6597145993414,1,14
RM,JerrySmith,1021.9538968166848,1021.9538968166848,1,15
TO,MichaelScott,9.269162670855394,-36.86458850033068,1,16
TO,JimHalpert,-230.58979767760687,-493.24775709256505,1,17
TO,PamBeesly,-914.8931486476246,-398.0096618544698,1,18
TO,DwightSchrute,358.4755118772045,104.228885926477,1,19
TO,StanleyHudson,-234.1171345382772,-86.24730454971336,1,20
TO,PhyllisLapin-Vance,206.8000268683864,-371.9616440868882,1,21
TO,AndyBernard,-15.422195353835946,-269.6688751274527,1,22
TO,AngelaMartin,-177.67974476755398,139.50225453317898,1,23
TO,OscarMartinez,-618.5968523513283,-644.9232690128279,1,24
TO,DarrylPhilbin,-773.7996742208168,-867.1454643236056,1,25
AD,GeorgeBluthSr.,1.095290251916822,875.0342278203725,1,46
AD,LucilleBluth,868.5651697699891,868.4624863088718,1,47
AD,G.O.B.Bluth,-16.429353778751306,-77.86829134720699,1,48
AD,MichaelBluth,-875.1369112814896,-905.907721796276,1,49
AD,LindsayBluthFunke,-892.6615553121577,846.5566812705367,1,50
AD,TobiasFunke,844.4687842278204,-879.6207557502738,1,51
AD,BusterBluth,910.1861993428258,-97.58351588170864,1,52
AD,GeorgeMichaelBluth,-12.04819277108436,-894.9548192771084,1,53
AD,MaebyFunke,857.6122672508216,471.9674151150055,1,54
RM,BethSmith,-44.776119402985046,-16.977611940298402,1,11
RM,SummerSmith,761.1940298507463,-822.9477611940299,1,12
RM,RickSanchez,600.0,723.3208955223879,1,13
RM,MortySmith,295.5223880597016,-476.679104477612,1,14
RM,JerrySmith,-773.1343283582089,-745.3358208955224,1,15
LA,Aang,7.587253414264069,-947.885053110774,1,73
LA,Katara,-863.4294385432473,-695.9882397572079,1,74
LA,Sokka,-301.9726858877086,-632.2553110773899,1,75
LA,Toph,969.650986342944,-926.6407435508346,1,76
LA,Zuko,666.1608497723823,-340.9047799696509,1,77
LA,Iroh,-745.0682852807283,-872.0125189681336,1,78
LA,Azula,499.2412746585735,584.7401365705616,1,79
LA,Appa,-960.546282245827,-932.7105462822458,1,80
LA,Momo,908.9529590288316,-213.4389226100152,1,81
AD,GeorgeBluthSr.,17.64705882352939,682.3529411764705,1,46
AD,LucilleBluth,-355.88235294117646,867.6470588235295,1,47
AD,G.O.B.Bluth,629.4117647058824,252.9411764705883,1,48
AD,MichaelBluth,-373.52941176470586,-158.82352941176475,1,49
AD,LindsayBluthFunke,2.941176470588175,29.41176470588221,1,50
AD,TobiasFunke,561.7647058823529,-188.23529411764707,1,51
AD,BusterBluth,2.941176470588175,-267.6470588235295,1,52
AD,GeorgeMichaelBluth,-888.2352941176471,-658.8235294117646,1,53
AD,MaebyFunke,238.23529411764707,2.941176470588175,1,54
AD,GeorgeBluthSr.,-882.960413080895,877.7431153184166,1,46
AD,LucilleBluth,5.163511187607583,877.7431153184166,1,47
AD,G.O.B.Bluth,876.0757314974182,860.5314113597246,1,48
AD,MichaelBluth,-958.6919104991396,-943.2551635111876,1,49
AD,LindsayBluthFunke,893.2874354561102,-27.59251290877796,1,50
AD,TobiasFunke,-882.960413080895,-24.15017211703957,1,51
AD,BusterBluth,-8.605851979345971,-37.91953528399313,1,52
AD,GeorgeMichaelBluth,-8.605851979345971,-926.0434595524956,1,53
AD,MaebyFunke,879.5180722891566,-926.0434595524956,1,54
TO,MichaelScott,917.0124481327804,-459.8677385892116,1,16
TO,JimHalpert,-37.34439834024897,29.75881742738602,1,17
TO,PamBeesly,-8.298755186722019,-78.125,1,18
TO,DwightSchrute,-838.1742738589212,-215.0544605809129,1,19
TO,StanleyHudson,53.94190871369301,29.75881742738602,1,20
TO,PhyllisLapin-Vance,12.448132780082917,-522.1084024896265,1,21
TO,AndyBernard,925.311203319502,-82.27437759336101,1,22
TO,AngelaMartin,-597.5103734439833,17.310684647302992,1,23
TO,OscarMartinez,16.597510373443924,-372.73080912863065,1,24
TO,DarrylPhilbin,-829.8755186721992,-414.22458506224064,1,25
AD,GeorgeBluthSr.,-4.1493775933610095,892.829356846473,1,46
AD,LucilleBluth,721.9917012448134,228.9289419087138,1,47
AD,G.O.B.Bluth,842.3236514522821,33.90819502074692,1,48
AD,MichaelBluth,-834.0248962655602,17.310684647302992,1,49
AD,LindsayBluthFunke,775.9336099585062,137.6426348547716,1,50
AD,TobiasFunke,742.7385892116183,-737.8760373443984,1,51
AD,BusterBluth,16.597510373443924,-858.2079875518673,1,52
AD,GeorgeMichaelBluth,-863.0705394190871,-787.6685684647302,1,53
AD,MaebyFunke,875.5186721991702,-903.8511410788382,1,54
BB,WalterWhite,-817.4273858921163,797.3936721991702,1,55
BB,JessePinkman,684.6473029045644,-671.4859958506224,1,56
BB,SkylerWhite,796.6804979253113,-825.0129668049792,1,57
BB,WalterWhiteJr.,8.298755186722019,-800.1167012448133,1,58
BB,HankSchrader,-854.7717842323651,-874.8054979253112,1,59
BB,MarieSchrader,20.74688796680493,-654.8884854771784,1,60
BB,MikeEhrmantraut,-879.6680497925311,162.53890041493787,1,61
BB,SaulGoodman,-8.298755186722019,764.1986514522821,1,62
BB,GustavoFring,-821.5767634854772,884.530601659751,1,63
UA,SirReginaldHargreeves,-882.3529411764706,885.2941176470588,1,0
UA,Pogo,-552.9411764705883,0.0,1,1
UA,Grace,-241.17647058823536,-226.4705882352941,1,2
UA,LutherHargreeves,470.5882352941178,-258.82352941176464,1,3
UA,DiegoHargreeves,470.5882352941178,217.64705882352928,1,4
UA,AllisonHargreeves,194.11764705882345,-644.1176470588235,1,5
UA,KlausHargreeves,905.8823529411764,-8.823529411764639,1,6
UA,NumberFive,758.8235294117646,352.9411764705883,1,7
UA,BenHargreeves,-244.1176470588236,-652.9411764705883,1,8
UA,VanyaHargreeves,779.4117647058822,-32.35294117647061,1,9
UA,TheHandler,5.882352941176464,888.2352941176471,1,10
UA,SirReginaldHargreeves,-902.5522041763342,756.4530162412993,1,0
UA,Pogo,-911.8329466357308,-27.76972157772616,1,1
UA,Grace,6.960556844547682,-436.1223897911833,1,2
UA,LutherHargreeves,-860.7888631090487,-886.2383990719258,1,3
UA,DiegoHargreeves,939.6751740139212,-914.080626450116,1,4
UA,AllisonHargreeves,-2.3201856148491515,-932.6421113689096,1,5
UA,KlausHargreeves,916.4733178654292,-218.02494199535963,1,6
UA,NumberFive,-6.960556844547568,-951.203596287703,1,7
UA,BenHargreeves,-6.960556844547568,-960.4843387470996,1,8
UA,VanyaHargreeves,2.3201856148491515,775.0145011600928,1,9
UA,TheHandler,911.8329466357308,830.6989559164733,1,10
BB,WalterWhite,-465.49835706462216,398.37760131434834,1,55
BB,JessePinkman,312.15772179627606,216.5594194961664,1,56
BB,SkylerWhite,-667.0317634173056,429.0457283680176,1,57
BB,WalterWhiteJr.,226.7250821467688,-880.921412924425,1,58
BB,HankSchrader,-899.2332968236583,-915.9707009857613,1,59
BB,MarieSchrader,973.713033953998,429.0457283680176,1,60
BB,MikeEhrmantraut,-958.3789704271632,-4.689211391018603,1,61
BB,SaulGoodman,7.667031763417299,365.5188937568457,1,62
BB,GustavoFring,-866.3745892661556,880.3053121577218,1,63
LA,Aang,-313.38582677165346,-719.1437007874016,1,73
LA,Katara,-766.9291338582677,-662.4507874015749,1,74
LA,Sokka,366.9291338582677,-697.0964566929133,1,75
LA,Toph,911.8110236220472,-558.5137795275591,1,76
LA,Zuko,146.45669291338595,-378.9862204724409,1,77
LA,Iroh,-555.9055118110236,-927.017716535433,1,78
LA,Azula,-559.0551181102362,625.7381889763781,1,79
LA,Appa,-4.72440944881896,-656.1515748031496,1,80
LA,Momo,-1.574803149606396,-234.10433070866145,1,81
UA,SirReginaldHargreeves,525.7958287596048,397.5027442371022,1,0
UA,Pogo,-909.9890230515916,-924.1218441273326,1,1
UA,Grace,-905.5982436882548,6.72338090010976,1,2
UA,LutherHargreeves,-828.7596048298573,-546.5148188803512,1,3
UA,DiegoHargreeves,-156.97036223929751,-548.7102085620197,1,4
UA,AllisonHargreeves,-503.8419319429199,384.330406147091,1,5
UA,KlausHargreeves,912.1844127332602,-544.3194291986828,1,6
UA,NumberFive,525.7958287596048,2.332601536772813,1,7
UA,BenHargreeves,-486.2788144895719,-926.3172338090012,1,8
UA,VanyaHargreeves,194.29198682766173,-548.7102085620197,1,9
UA,TheHandler,-503.8419319429199,858.5345773874863,1,10
AD,GeorgeBluthSr.,-8.823529411764639,735.4090073529412,1,46
AD,LucilleBluth,-329.41176470588243,541.2913602941176,1,47
AD,G.O.B.Bluth,935.2941176470588,-508.7086397058824,1,48
AD,MichaelBluth,-564.7058823529412,-944.0027573529412,1,49
AD,LindsayBluthFunke,429.4117647058824,73.64430147058829,1,50
AD,TobiasFunke,308.82352941176464,-711.6498161764706,1,51
AD,BusterBluth,-120.58823529411768,-911.6498161764706,1,52
AD,GeorgeMichaelBluth,-958.8235294117648,-944.0027573529412,1,53
AD,MaebyFunke,988.2352941176472,179.52665441176464,1,54
LA,Aang,-808.1632536284778,-857.9714444218849,1,73
LA,Katara,-612.2448979591836,-835.5229630762217,1,74
LA,Sokka,828.5713974310427,-841.6439173172931,1,75
LA,Toph,-806.1224489795918,-31.440812714245794,1,76
LA,Zuko,-814.2857065006178,748.1499496771364,1,77
LA,Iroh,-14.28572985590722,-829.3995176042829,1,78
LA,Azula,838.7754790636959,776.7218764947386,1,79
LA,Appa,20.408163265306143,-15.113285609653984,1,80
LA,Momo,-10.204081632653129,-25.317367242307,1,81
BB,WalterWhite,3.0658680905577285,1053.7634408602148,1,55
BB,JessePinkman,963.3298484227988,-926.9539515177408,1,56
BB,SkylerWhite,708.6911765477989,-5.871762511550742,1,57
BB,WalterWhiteJr.,52.1528182491179,-696.6820993731098,1,58
BB,HankSchrader,-990.945323821037,-970.0412083697576,1,59
BB,MarieSchrader,368.1502803679434,-1004.0735121696226,1,60
BB,MikeEhrmantraut,-963.3338989750032,-18.25238299626176,1,61
BB,SaulGoodman,994.009038453461,-15.18356159169184,1,62
BB,GustavoFring,1021.620555590558,1016.17185531124,1,63
AD,GeorgeBluthSr.,243.71069182389945,182.3899371069183,1,46
AD,LucilleBluth,878.9308176100631,745.2830188679245,1,47
AD,G.O.B.Bluth,577.0440251572327,424.5283018867924,1,48
AD,MichaelBluth,-237.4213836477988,-301.88679245283026,1,49
AD,LindsayBluthFunke,602.2012578616352,-283.0188679245283,1,50
AD,TobiasFunke,1031.446540880503,-9.433962264150978,1,51
AD,BusterBluth,759.433962264151,-12.578616352201266,1,52
AD,GeorgeMichaelBluth,-970.125786163522,-1009.433962264151,1,53
AD,MaebyFunke,426.1006289308175,-512.5786163522013,1,54
BB,WalterWhite,175.81187010078384,913.9137737961926,1,55
BB,JessePinkman,276.5957446808511,320.4087346024635,1,56
BB,SkylerWhite,-117.58118701007834,188.2698768197088,1,57
BB,WalterWhiteJr.,319.14893617021266,-949.468085106383,1,58
BB,HankSchrader,890.2575587905935,-958.4266517357224,1,59
BB,MarieSchrader,-184.77043673012315,-936.030235162374,1,60
BB,MikeEhrmantraut,-148.936170212766,763.8577827547592,1,61
BB,SaulGoodman,-303.47144456886895,94.204927211646,1,62
BB,GustavoFring,-590.1455767077268,900.4759238521835,1,63
BB,WalterWhite,-468.5331565051821,650.1256281407036,1,55
BB,JessePinkman,767.6478502538735,-398.4505862646565,1,56
BB,SkylerWhite,-813.5917574117332,-820.5611390284757,1,57
BB,WalterWhiteJr.,-311.07922015677343,-324.748743718593,1,58
BB,HankSchrader,-240.72746136280364,37.06030150753759,1,59
BB,MarieSchrader,291.9358552201111,-157.24455611390283,1,60
BB,MikeEhrmantraut,915.051535346001,660.175879396985,1,61
BB,SaulGoodman,10.528820044231452,-344.8492462311558,1,62
BB,GustavoFring,-873.893277728977,640.075376884422,1,63
LA,Aang,-822.6466575716235,-876.0231923601636,1,73
LA,Katara,-459.7544338335607,-597.7148703956343,1,74
LA,Sokka,918.1446111869031,-919.6793997271488,1,75
LA,Toph,-9.549795361528028,-341.2346521145976,1,76
LA,Zuko,544.338335607094,-363.06275579809005,1,77
LA,Iroh,-953.6152796725784,-930.5934515688948,1,78
LA,Azula,1.3642564802182733,638.3015006821281,1,79
LA,Appa,-547.0668485675307,-150.23874488403817,1,80
LA,Momo,920.8731241473396,-2.899045020463859,1,81
BB,WalterWhite,812.9310607910156,-30.441810344827672,1,55
BB,JessePinkman,97.4138194117054,47.144396551724185,1,56
BB,SkylerWhite,735.3448538944638,-789.0625,1,57
BB,WalterWhiteJr.,-1.7241116227775135,-888.2004310344828,1,58
BB,HankSchrader,-777.586213473616,-866.6487068965517,1,59
BB,MarieSchrader,-251.7241116227775,-207.1659482758621,1,60
BB,MikeEhrmantraut,-14.65514610553612,-13.20043103448279,1,61
BB,SaulGoodman,-1.7241116227775135,814.3857758620688,1,62
BB,GustavoFring,-825.0000065770643,805.7650862068965,1,63
BB,WalterWhite,1012.0614035087716,-8.086622807017534,1,55
BB,JessePinkman,419.9561403508772,-102.3848684210526,1,56
BB,SkylerWhite,5.482456140350791,985.3344298245617,1,57
BB,WalterWhiteJr.,-71.27192982456143,-762.4725877192982,1,58
BB,HankSchrader,-520.8333333333333,-523.4375,1,59
BB,MarieSchrader,95.3947368421052,-253.70065789473688,1,60
BB,MikeEhrmantraut,5.482456140350791,-1.5076754385964932,1,61
BB,SaulGoodman,588.8157894736844,-543.1743421052631,1,62
BB,GustavoFring,-55.92105263157896,520.422149122807,1,63
LA,Aang,-746.0297041409754,-802.1282144726124,1,73
LA,Katara,-482.2541309579072,-773.9239508795631,1,74
LA,Sokka,762.1217736214264,-876.6644567652133,1,75
LA,Toph,85.56779938428372,-777.9528185925676,1,76
LA,Zuko,806.4200225966929,-93.01244624527055,1,77
LA,Iroh,580.9019627592488,-123.22895409280407,1,78
LA,Azula,-746.0297041409754,807.4854008285454,1,79
LA,Appa,-27.191162109375,-26.52956017464271,1,80
LA,Momo,172.15061615400782,1.6725138163886868,1,81
LA,Aang,541.213063763608,-869.799766718507,1,73
LA,Katara,-805.5987558320373,-897.7935458786936,1,74
LA,Sokka,223.95023328149318,-708.0579315707621,1,75
LA,Toph,407.4650077760498,-263.26788491446337,1,76
LA,Zuko,-348.3670295489891,868.9249611197511,1,77
LA,Iroh,908.2426127527217,187.74300155520996,1,78
LA,Azula,-783.8258164852255,638.7538880248833,1,79
LA,Appa,-335.92534992223955,-894.6831259720062,1,80
LA,Momo,902.0217729393466,-885.351866251944,1,81
